"","Order","Date","Transect","UniqueID","tag..","Sun.Shade","Excluded.QC","Excluded.Branch.Length","Diam.Length","Branch..","Branch.Diameter","Y1.Y2","Y2","Y3","Y","YM","M1","M2","M","M3","M.O","O1","O2","O","Notes","R.dates","L.sum","Y.sum","M.sum","O.sum","Y.prop","M.prop","O.prop","QC.check"
"1",1,"08.21.2012",NA,"Tr500_","Tr500_","sun",NA,NA,"12mm in 1 meter Branch","Tr500_0821",NA,0,0,0,0,0,0,0,38,0,0,0,0,3,NA,2012-08-21,41,0,38,3,0,0.926829268292683,0.0731707317073171,1
"2",2,"08.21.2012",NA,"Tr502_","Tr502_","MC",NA,NA,"11.91 mm at 1 m Branch","Tr502_0821",NA,0,0,0,75,0,0,0,0,0,0,0,0,26,NA,2012-08-21,101,75,0,26,0.742574257425743,0,0.257425742574257,1
"3",3,"08.22.2012",NA,"US1_TR9","US1_TR9","US",NA,NA,"11mm in 1m Branch ","US1_TR9_0822",NA,0,0,0,42,0,0,0,33,0,0,0,0,0,NA,2012-08-22,75,42,33,0,0.56,0.44,0,1
"4",4,"08.22.2012",NA,"TR9_","TR9_","shade",NA,NA,"14.4 mm in 1m Branch","TR9_0822_Shade",NA,0,0,0,0,0,0,0,0,0,0,0,0,132,NA,2012-08-22,132,0,0,132,0,0,1,1
"5",5,"08.22.2012",NA,"TR9_","TR9_","sun",NA,NA,"19mm in 1m Branch","TR9_0822_Sun",NA,0,0,0,124,0,0,0,20,0,0,0,0,309,NA,2012-08-22,453,124,20,309,0.273730684326711,0.0441501103752759,0.682119205298013,1
"6",6,"08.23.2012",NA,"TR10_","TR10_","lo",NA,NA,"7.5 mm @ 1m Branch","TR10_0823_Low",NA,0,0,0,109,0,0,0,12,0,0,0,0,136,NA,2012-08-23,257,109,12,136,0.424124513618677,0.0466926070038911,0.529182879377432,1
"7",7,"08.23.2012",NA,"TR10_","TR10_","hi",NA,NA,"10.1 mm@1m Branch","TR10_0823_High",NA,0,0,0,0,0,0,0,0,0,0,0,0,349,NA,2012-08-23,349,0,0,349,0,0,1,1
"8",8,"08.23.2012",NA,"TR118_","TR118_","sun",NA,NA,"N/A","TR118_0823_Sun",NA,0,0,0,0,0,0,0,0,0,0,0,0,218,NA,2012-08-23,218,0,0,218,0,0,1,1
"9",9,"08.24.2012",NA,"TR117_","TR117_","shade",NA,NA,"10.3 mm @ 1m Branch","TR117_0824_SH",NA,0,0,0,20,0,0,0,23,0,0,0,0,41,NA,2012-08-24,84,20,23,41,0.238095238095238,0.273809523809524,0.488095238095238,1
"10",10,"08.24.2012",NA,"US2_TR118","US2_TR118","US",NA,NA,"9.6 mm@ 0.9 m Branch","US2_TR118_0824",NA,0,0,0,2,0,0,0,25,0,0,0,0,30,NA,2012-08-24,57,2,25,30,0.0350877192982456,0.43859649122807,0.526315789473684,1
"11",11,"08.24.2012",NA,"US1_TR118","US1_TR118","US",NA,NA,"8.5mm @ 1m Branch","US1_TR118_0824",NA,0,0,0,53,0,0,0,81,0,0,0,0,94,NA,2012-08-24,228,53,81,94,0.232456140350877,0.355263157894737,0.412280701754386,1
"12",12,"08.27.2012",NA,"TR500_","TR500_","shade",NA,NA,"14.4 mm@ 1 m Branch","TR500_0827_Shade",NA,0,0,0,0,33,0,0,0,0,0,5,31,2,NA,2012-08-27,71,0,33,38,0,0.464788732394366,0.535211267605634,1
"13",13,"08.27.2012",NA,"TR500_","TR500_","sun",NA,NA,"17.4mm @ 1 m Branch","TR500_0827_SU",NA,7,0,78,2,10,0,0,1,0,31,0,0,0,NA,2012-08-27,129,87,11,31,0.674418604651163,0.0852713178294574,0.24031007751938,1
"14",14,"08.27.2012",NA,"TR500_","TR500_","sun",NA,NA,"16.7 @ 1m Branch","TR500_0827_SU2",NA,0,0,0,0,5,0,0,57,0,0,29,0,0,NA,2012-08-27,91,0,62,29,0,0.681318681318681,0.318681318681319,1
"15",15,"08.27.2012",NA,"TR502_","TR502_","MC",NA,NA,"11mm @ 0.9 m Branch","TR502_0827",NA,0,0,60,0,10,0,0,0,0,36,0,0,0,NA,2012-08-27,106,60,10,36,0.566037735849057,0.0943396226415094,0.339622641509434,1
"16",16,"08.28.2012",NA,"TR590_","TR590_","shade",NA,NA,"17.2 mm @ 1 m Branch","TR590_0828_SH",NA,20,15,35,11,0,57,96,0,0,0,0,0,36,NA,2012-08-28,270,81,153,36,0.3,0.566666666666667,0.133333333333333,1
"17",17,"08.28.2012",NA,"TR590_","TR590_","sun",NA,NA,"22.3 mm @ 1m Branch","TR590_0828_SUN",NA,0,23,22,5,0,211,134,0,0,0,0,0,134,NA,2012-08-28,529,50,345,134,0.0945179584120983,0.652173913043478,0.253308128544423,1
"18",18,"08.28.2012",NA,"TR_TLT6","TR_TLT6",NA,NA,"X","13.75 mm @ 1m Branch","TR_TLT6_0828",NA,30,18,31,0,3,34,63,5,0,0,0,0,75,NA,2012-08-28,259,79,105,75,0.305019305019305,0.405405405405405,0.28957528957529,1
"19",19,"08.29.2012",NA,"US1_TR14","US1_TR14","US",NA,NA,"6.35 mm @ 1m Branch ","US1_TR14_0829",NA,0,0,0,0,5,0,2,0,0,1,0,0,55,NA,2012-08-29,63,0,7,56,0,0.111111111111111,0.888888888888889,1
"20",20,"08.29.2012",NA,"TR14_","TR14_","sun",NA,NA,"15.3mm @ 1m Branch","TR14_0829_Sun",NA,0,0,0,0,0,0,0,109,0,0,0,0,0,NA,2012-08-29,109,0,109,0,0,1,0,1
"21",21,"08.29.2012",NA,"TR14_","TR14_","shade",NA,NA,"13 mm @ 1 m Branch","TR14_0829_Sh",NA,0,0,0,0,0,0,0,93,0,0,0,0,0,NA,2012-08-29,93,0,93,0,0,1,0,1
"22",22,"08.29.2012",NA,"MC1_TR14","MC1_TR14","lo",NA,NA,"9.65 mm @ 1m branch","MC1_TR14_0829_Low",NA,47,71,0,0,5,0,0,11,0,0,0,0,211,NA,2012-08-29,345,118,16,211,0.342028985507246,0.0463768115942029,0.611594202898551,1
"23",23,"08.29.2012",NA,"MC1_TR14","MC1_TR14","hi",NA,NA,"14.1 mm @1 m Branch","MC1_TR14_0829_High",NA,0,0,0,0,14,0,0,379,0,0,0,0,262,NA,2012-08-29,655,0,393,262,0,0.6,0.4,1
"24",24,"08.29.2012",NA,"TR9_","TR9_","sun",NA,NA,"less than 1 m","TR9_0829_SUN_Sub1",NA,17,42,8,0,0,0,0,7,0,0,0,0,124,NA,2012-08-29,198,67,7,124,0.338383838383838,0.0353535353535354,0.626262626262626,1
"25",25,"08.29.2012",NA,"TR9_","TR9_","sun",NA,NA,"N/A","TR9_0829_SUN_Sub2",NA,52,22,16,0,0,0,0,5,0,0,0,0,123,NA,2012-08-29,218,90,5,123,0.412844036697248,0.0229357798165138,0.564220183486238,1
"26",26,"08.30.2012",NA,"TR118_","TR118_","sun",NA,NA,"17mm @ 1m Branch","TR118_0830",NA,20,4,7,0,2,0,0,20,0,0,0,0,205,NA,2012-08-30,258,31,22,205,0.12015503875969,0.0852713178294574,0.794573643410853,1
"27",27,"09.03.2012",NA,"JW_US1","JW_US1",NA,NA,NA,"11.9 mm @ 1 m Branch","JW_US1_0903",NA,0,0,0,0,6,0,0,4,0,0,11,4,0,NA,2012-09-03,25,0,10,15,0,0.4,0.6,1
"28",28,"09.03.2012",NA,"JW_US5","JW_US5",NA,NA,NA,"10.3 mm @ 1m Branch","JW_US5_0903",NA,0,0,0,0,0,0,0,173,0,0,0,0,0,NA,2012-09-03,173,0,173,0,0,1,0,1
"29",29,"09.04.2012",NA,"Tr591_","Tr591_","MC",NA,NA,"11.5 m @ 1 m Branch","Tr591_0904",NA,4,0,0,77,0,0,0,273,0,0,0,0,412,NA,2012-09-04,766,81,273,412,0.105744125326371,0.356396866840731,0.537859007832898,1
"30",30,"09.04.2012",NA,"TR11_","TR11_","sun",NA,NA,"18.9 mm @ 1 m Branch","TR11_0904_SU",NA,154,186,67,0,0,0,0,665,0,0,0,0,325,NA,2012-09-04,1397,407,665,325,0.291338582677165,0.476020042949177,0.232641374373658,1
"31",31,"09.04.2012",NA,"TR11_","TR11_","shade",NA,NA,"9.2 mm @ 1 m branch ","TR11_0904_SH",NA,0,10,0,0,36,0,0,0,0,0,0,0,194,NA,2012-09-04,240,10,36,194,0.0416666666666667,0.15,0.808333333333333,1
"32",32,"09.04.2012",NA,"TR11_","TR11_","sun",NA,NA,"N/A","TR11_0904_SU",NA,63,104,172,0,0,0,0,306,0,0,0,0,103,NA,2012-09-04,748,339,306,103,0.453208556149733,0.409090909090909,0.137700534759358,1
"33",33,"09.05.2012",NA,"TR13_","TR13_","sun",NA,NA,"15.8 mm @ 0.8 m","TR13_0905_SU",NA,0,0,0,1,99,0,0,0,0,0,0,0,72,NA,2012-09-05,172,1,99,72,0.00581395348837209,0.575581395348837,0.418604651162791,1
"34",34,"09.05.2012",NA,"TR13_","TR13_","shade",NA,NA,"14.7 mm @ 0.8 m, 17.5@1m","TR13_0905_SH",NA,0,0,0,11,76,0,0,0,0,0,0,0,125,NA,2012-09-05,212,11,76,125,0.0518867924528302,0.358490566037736,0.589622641509434,1
"35",35,"09.05.2012",NA,"TR590_","TR590_","MC",NA,NA,"15.8 mm @ 1m Branch","TR590_0905",NA,0,0,0,498,0,0,0,0,0,0,0,0,64,NA,2012-09-05,562,498,0,64,0.886120996441281,0,0.113879003558719,1
"36",36,"09.06.2012",NA,"TR588_","TR588_","shade",NA,NA,"7.8mm @ 1m Branch","TR588_0906_SH",NA,0,0,0,0,195,0,0,15,0,0,0,0,133,NA,2012-09-06,343,0,210,133,0,0.612244897959184,0.387755102040816,1
"37",37,"09.06.2012",NA,"TR588_","TR588_","sun",NA,NA,"13.8 mm @ 1 m Branch","TR588_0906_SU",NA,12,12,0,67,323,0,0,10,0,0,0,0,155,NA,2012-09-06,579,91,333,155,0.157167530224525,0.575129533678757,0.267702936096718,1
"38",38,"09.06.2012",NA,"TR14_","TR14_","shade",NA,NA,"0","TR14_0906_SH",NA,0,0,0,0,0,0,0,141,0,0,0,0,0,NA,2012-09-06,141,0,141,0,0,1,0,1
"39",39,"09.06.2012",NA,"TR14_","TR14_","sun",NA,NA,"0","TR14_0906_SU",NA,0,0,0,0,0,0,0,131,0,0,0,0,0,NA,2012-09-06,131,0,131,0,0,1,0,1
"40",40,"09.08.2012",NA,"Tr_","Tr_","sun",NA,NA,"11.6 mm @ 1m Branch","Tr_504_0908_SU",NA,0,0,0,4,0,0,0,528,0,0,0,0,14,NA,2012-09-08,546,4,528,14,0.00732600732600733,0.967032967032967,0.0256410256410256,1
"41",41,"09.08.2012",NA,"TR_","TR_","shade",NA,NA,"8.5 mm @ 1 m Branch","TR_504_0908_SH",NA,0,0,0,46,0,0,0,312,0,0,0,0,46,NA,2012-09-08,404,46,312,46,0.113861386138614,0.772277227722772,0.113861386138614,1
"42",42,"09.08.2012",NA,"MC1_TR504","MC1_TR504","MC",NA,NA,"0","MC1_TR504_0908",NA,1,4,14,0,0,0,0,45,0,0,0,0,38,NA,2012-09-08,102,19,45,38,0.186274509803922,0.441176470588235,0.372549019607843,1
"43",43,"09.08.2012",NA,"US2_TR504","US2_TR504","US",NA,NA,"11.5 mm @ 1 m Branch","US2_TR504_0908",NA,0,0,0,21,0,0,0,52,0,0,0,0,59,NA,2012-09-08,132,21,52,59,0.159090909090909,0.393939393939394,0.446969696969697,1
"44",44,"09.11.2012",NA,"TR9_","TR9_","sun",NA,NA,"21 mm @ 1 m Branch ","TR9_0911_SU",NA,36,31,33,0,0,0,0,101,0,0,126,80,0,NA,2012-09-11,407,100,101,206,0.245700245700246,0.248157248157248,0.506142506142506,1
"45",45,"09.14.2012",NA,"TR2_","TR2_","sun",NA,NA,"16 mm @ 1 m","TR2_0914_SU",NA,42,0,0,71,0,0,0,135,0,0,0,0,106,NA,2012-09-14,354,113,135,106,0.319209039548023,0.38135593220339,0.299435028248588,1
"46",46,"09.14.2012",NA,"TR2_","TR2_","shade",NA,NA,"N/A?","TR2_0914_SH",NA,47,0,0,51,0,0,0,86,0,0,0,0,257,NA,2012-09-14,441,98,86,257,0.222222222222222,0.195011337868481,0.582766439909297,1
"47",47,"09.18.2012",NA,"TR145_","TR145_","sun",NA,NA,"16.9 mm @ 1m Branch","TR145_0918_SU",NA,0,0,0,0,0,0,0,1043,0,0,0,0,0,NA,2012-09-18,1043,0,1043,0,0,1,0,1
"48",48,"09.18.2012",NA,"TR145_","TR145_","shade",NA,NA,"13 mm @ 1 M branch","TR145_0918_SH",NA,0,0,0,0,0,0,0,756,0,0,0,0,0,NA,2012-09-18,756,0,756,0,0,1,0,1
"49",49,"09.18.2012",NA,"TR500_","TR500_","shade",NA,NA,"13.5 mm @ 1m Branch","TR500_0918_SH",NA,0,0,0,0,0,0,0,24,0,0,0,0,33,NA,2012-09-18,57,0,24,33,0,0.421052631578947,0.578947368421053,1
"50",50,"09.20.2012",NA,"TR610_","TR610_","shade",NA,NA,"13.3 mm @ 1m branch","TR610_0920_SH",NA,0,0,0,90,1,0,0,147,0,0,0,0,168,NA,2012-09-20,406,90,148,168,0.221674876847291,0.364532019704433,0.413793103448276,1
"51",51,"09.20.2012",NA,"TR610-09-20-SUN_","TR610-09-20-SUN_","sun",NA,NA,"18.6 mm @ 1m Branch","TR610-09-20-SUN",NA,0,0,0,141,0,0,0,858,0,0,0,0,181,NA,2012-09-20,1180,141,858,181,0.119491525423729,0.727118644067797,0.153389830508475,1
"52",52,"09.21.2012",NA,"TR122_","TR122_","shade",NA,NA,"13.6 mm @ 1m branch","TR122_0921_SH",NA,0,0,0,0,0,0,0,139,0,0,0,0,27,NA,2012-09-21,166,0,139,27,0,0.837349397590361,0.162650602409639,1
"53",53,"09.24.2012",NA,"TR30_","TR30_","shade",NA,NA,"18.3 mm @ 1m Branch","TR30_0924_SH",NA,0,0,0,43,0,0,0,130,0,0,0,0,0,NA,2012-09-24,173,43,130,0,0.248554913294798,0.751445086705202,0,1
"54",54,"09.25.2012",NA,"TR11_","TR11_","sun",NA,NA,"19.0 mm @ 1m Branch","TR11_0925_SU",NA,0,0,0,4,310,0,0,0,0,868,0,0,45,NA,2012-09-25,1227,4,310,913,0.0032599837000815,0.252648736756316,0.744091279543602,1
"55",55,"09.27.2012",NA,"TR11_","TR11_","shade",NA,NA,"11.6 mm @ 1m Branch","TR11_0927_SH",NA,0,0,0,0,97,0,0,0,0,186,0,0,26,NA,2012-09-27,309,0,97,212,0,0.313915857605178,0.686084142394822,1
"56",56,"10.02.2012",NA,"TR118_","TR118_","shade",NA,NA,"0","TR118_Mid_Day_Water Potenital",NA,0,0,0,2,0,0,0,6,0,0,0,0,5,NA,2012-10-02,13,2,6,5,0.153846153846154,0.461538461538462,0.384615384615385,1
"57",57,"10.02.2012",NA,"TR33_","TR33_",NA,NA,NA,"0","TR33_Mid_day_WP",NA,0,0,0,1,0,0,0,1,0,0,0,0,1,NA,2012-10-02,3,1,1,1,0.333333333333333,0.333333333333333,0.333333333333333,1
"58",58,"10.08.2012",NA,"TR118_","TR118_","sun",NA,NA,"0","TR118_1008_SU",NA,0,0,0,0,0,0,0,308,0,0,0,0,124,NA,2012-10-08,432,0,308,124,0,0.712962962962963,0.287037037037037,1
"59",59,"10.08.2012",NA,"TR117_","TR117_","lo",NA,NA,"0","TR117_1008_LO",NA,0,0,0,0,0,0,0,0,0,0,0,0,10,NA,2012-10-08,10,0,0,10,0,0,1,1
"60",60,"10.08.2012",NA,"TR117_","TR117_","hi",NA,NA,"0","TR117_1008_Hi",NA,14,21,15,0,9,0,0,1,0,0,35,0,0,NA,2012-10-08,95,50,10,35,0.526315789473684,0.105263157894737,0.368421052631579,1
"61",61,"10.10.2012",NA,"TR9_","TR9_","shade",NA,NA,"13.6 mm @ 1 m branch","TR9_1010_SH",NA,12,2,4,2,8,0,0,29,0,0,0,0,86,NA,2012-10-10,143,20,37,86,0.13986013986014,0.258741258741259,0.601398601398601,1
"62",62,"10.11.2012",NA,"TR9_","TR9_","shade",NA,NA,"13.5 mm @ 1m Branch","TR9_1011_SH",NA,0,0,0,4,13,0,0,60,0,0,0,0,59,NA,2012-10-11,136,4,73,59,0.0294117647058824,0.536764705882353,0.433823529411765,1
"63",63,"10.11.2012",NA,"TRUS1_TR9","TRUS1_TR9","US",NA,NA,"13.3 mm @ 1m Branch","TRUS1_TR9_1011",NA,0,0,0,0,0,0,0,35,0,7,33,18,5,NA,2012-10-11,98,0,35,63,0,0.357142857142857,0.642857142857143,1
"64",64,"10.11.2012",NA,"TR10_","TR10_","lo",NA,NA,"10.4 mm @ 1m Branch","TR10_1011_LO",NA,0,0,0,7,0,0,0,812,0,0,0,0,255,NA,2012-10-11,1074,7,812,255,0.00651769087523277,0.756052141527002,0.237430167597765,1
"65",65,"10.11.2012",NA,"TR10_","TR10_","hi",NA,NA,"7.0mm @ 1m branch","TR10_1011_Hi",NA,0,0,0,0,0,0,0,443,0,0,0,0,208,NA,2012-10-11,651,0,443,208,0,0.680491551459293,0.319508448540707,1
"66",66,"10.17.2012",NA,"TRUS1_TR118","TRUS1_TR118","US",NA,NA,"7.3 mm @ 1 m branch","US1_TR118_1017",NA,0,0,0,180,0,0,0,60,0,0,0,0,28,NA,2012-10-17,268,180,60,28,0.671641791044776,0.223880597014925,0.104477611940299,1
"67",67,"10.17.2012",NA,"TRUS2_TR118","TRUS2_TR118","US",NA,NA,"11.7 mm @ 1m Branch","US2_TR118_1017",NA,0,0,0,33,0,0,0,23,0,0,0,0,5,NA,2012-10-17,61,33,23,5,0.540983606557377,0.377049180327869,0.0819672131147541,1
"68",68,"10.17.2012",NA,"TR9_","TR9_","sun",NA,NA,"16.5 mm @ 0.8m Branch","TR9_1017_SU",NA,26,29,31,0,28,0,0,217,0,0,0,0,53,NA,2012-10-17,384,86,245,53,0.223958333333333,0.638020833333333,0.138020833333333,1
"69",69,"10.17.2012",NA,"TR9_","TR9_","sun",NA,NA,"16.3 mm @ 1m branch","TR9_1017_Su2",NA,23,25,17,0,26,0,0,110,0,0,0,0,112,NA,2012-10-17,313,65,136,112,0.207667731629393,0.434504792332268,0.357827476038339,1
"70",70,"10.18.2012",NA,"TR500_","TR500_","shade",NA,NA,"13.7 mm@ 1m branch","TR500_1018_SH",NA,0,0,0,0,0,0,0,22,0,0,0,0,23,NA,2012-10-18,45,0,22,23,0,0.488888888888889,0.511111111111111,1
"71",71,"10.18.2012",NA," TR502_"," TR502_","MC",NA,NA,"12.1 mm @ 1m Branch"," TR502_1018_MC",NA,0,0,0,23,0,0,0,82,0,0,0,0,41,NA,2012-10-18,146,23,82,41,0.157534246575342,0.561643835616438,0.280821917808219,1
"72",72,"10.18.2012",NA,"TR500_","TR500_","sun",NA,NA,"18.1-18.5 mm @ 1 m branch","TR500_1018_SU",NA,0,0,0,0,0,0,0,99,0,0,0,0,22,NA,2012-10-18,121,0,99,22,0,0.818181818181818,0.181818181818182,1
"73",73,"10.18.2012",NA,"TRUS1_TR500","TRUS1_TR500","US",NA,NA,"9 mm @ 1m Branch","TRUS1_TR500_1018",NA,0,0,0,0,0,0,0,64,0,0,0,0,17,NA,2012-10-18,81,0,64,17,0,0.790123456790123,0.209876543209877,1
"74",74,"10.19.2012",NA,"TR504_","TR504_","sun",NA,NA,"12.4 mm @ 1 m Branch","TR504_1019_SU2",NA,0,0,0,9,0,0,0,1150,0,0,0,0,11,NA,2012-10-19,1170,9,1150,11,0.00769230769230769,0.982905982905983,0.0094017094017094,1
"75",75,"10.19.2012",NA,"TR504_","TR504_","shade",NA,NA,"8.8 mm @ 1 m Branch","TR504_1019_SH1",NA,0,0,0,51,0,0,0,399.5,0,0,0,0,29,NA,2012-10-19,479.5,51,399.5,29,0.106360792492179,0.833159541188738,0.0604796663190824,1
"76",76,"10.19.2012",NA,"tr504_","tr504_","shade",NA,NA,"9.9 mm @  1m Branch","tr504_1019_sh2",NA,0,0,0,0,0,0,0,471.5,0,0,0,0,85.5,NA,2012-10-19,557,0,471.5,85.5,0,0.846499102333932,0.153500897666068,1
"77",77,"10.19.2012",NA,"Tr504_","Tr504_","sun",NA,NA,"11.6 mm @ 1m branch","Tr504_1019_SU1",NA,0,0,0,0,0,0,0,467,0,0,0,0,19,NA,2012-10-19,486,0,467,19,0,0.960905349794239,0.0390946502057613,1
"78",78,"10.19.2012",NA,"TR14_","TR14_","sun",NA,NA,"18.1 mm @ 1 m branch, 45 -65 degree for branch angle","TR14_1019_SU2",NA,0,0,0,0,0,0,0,0,0,0,0,0,0,NA,2012-10-19,0,0,0,0,NA,NA,NA,NA
"79",79,"10.19.2012",NA,"TR14_","TR14_","shade",NA,NA,"12.9 mm @ 1 m Branch, 13.7 mm @ 1.2 m Branch","TR14_1019_SH1",NA,0,0,0,0,0,0,0,0,0,0,0,0,0,NA,2012-10-19,0,0,0,0,NA,NA,NA,NA
"80",80,"10.19.2012",NA,"TR14_","TR14_","shade",NA,NA,"15.3 mm @ 1m branch","TR14_1019_SH2",NA,0,0,0,0,0,0,0,0,0,0,0,0,0,NA,2012-10-19,0,0,0,0,NA,NA,NA,NA
"81",81,"10.19.2012",NA,"TR14_","TR14_","sun",NA,NA,"22 mm @ 1m branch","TR14_1019_SU1",NA,0,0,0,0,0,0,0,0,0,0,0,0,0,NA,2012-10-19,0,0,0,0,NA,NA,NA,NA
"82",82,"10.25.2012",NA,"TRSP1_","TRSP1_",NA,NA,NA,"9.4 mm @ 1m branch","TRSP1_1025",NA,0,0,0,0,0,0,0,25,0,0,0,0,11,NA,2012-10-25,36,0,25,11,0,0.694444444444444,0.305555555555556,1
"83",83,"10.25.2012",NA,"TRUS1_","TRUS1_","US",NA,NA,"8.5mm @ 1m ","TRUS1_1025",NA,0,0,0,27,0,0,0,41,0,0,0,0,57,NA,2012-10-25,125,27,41,57,0.216,0.328,0.456,1
"84",84,"10.25.2012",NA,"TRUS2_","TRUS2_","US",NA,NA,"7 mm @ 1m Branch","TRUS2_1025",NA,0,0,0,35,8,0,0,35,0,0,0,0,33,NA,2012-10-25,111,35,43,33,0.315315315315315,0.387387387387387,0.297297297297297,1
"85",85,"10.26.2012",NA,"US3_","US3_","US",NA,NA,"12.3 mm @ 1m Branch","US3_1026",NA,0,0,0,84,0,0,0,49,0,0,0,0,65,NA,2012-10-26,198,84,49,65,0.424242424242424,0.247474747474747,0.328282828282828,1
"86",86,"10.26.2012",NA,"US1-1026_","US1-1026_","US",NA,NA,"9.3 mm @ 1m branch","US1-1026",NA,23,0,0,89,0,0,0,53,0,0,0,0,62,NA,2012-10-26,227,112,53,62,0.493392070484582,0.233480176211454,0.273127753303965,1
"87",87,"10.26.2012",NA,"US2_","US2_","US",NA,NA," DBH @ 1m branch: 7 mm","US2_1026",NA,0,0,0,0,0,0,0,70,0,0,0,0,53,NA,2012-10-26,123,0,70,53,0,0.569105691056911,0.430894308943089,1
"88",88,"10.29.2012",NA,"TRUS1_TR11","TRUS1_TR11","US",NA,NA,"DBH @ 1m branch:   9.4, 10.3, 10; 10.5, 9.8, 10.6","TRUS1_TR11_1029",NA,0,0,0,0,0,0,0,43,0,0,0,0,13,NA,2012-10-29,56,0,43,13,0,0.767857142857143,0.232142857142857,1
"89",89,"10.29.2012",NA,"TR591_","TR591_","MC",NA,NA,"7.2 mm @ 1 m Branch and 8.2 mm @ 1.2 m branch","TR591_1029",NA,0,0,0,0,0,0,0,70.3,0,0,0,0,104.9,NA,2012-10-29,175.2,0,70.3,104.9,0,0.401255707762557,0.598744292237443,1
"91",91,"10.29.2012",NA,"MC1_TR14","MC1_TR14","MC",NA,NA,"DBH @ 1 M branch: 10.5, 10.9, 11.0; 11.3, 12.1, 12.9 mm","MC1_TR14_1029",NA,0,0,0,118,0,0,0,207,0,0,0,0,20,NA,2012-10-29,345,118,207,20,0.342028985507246,0.6,0.0579710144927536,1
"92",92,"10.29.2012",NA,"US2_TR14","US2_TR14","US",NA,NA,"DBH @ 1 m Branch:19.6, 20.1, 20.4; 18.7, 19.4, 19.0","US2_TR14_1029",NA,0,0,0,0,3,0,0,272,0,0,0,0,19,NA,2012-10-29,294,0,275,19,0,0.935374149659864,0.0646258503401361,1
"93",93,"10.30.2012",NA,"TRTLT6_TR18","TRTLT6_TR18",NA,NA,NA,"13.1 mm @ 1 m branch","TRTLT6_TR18_1030",NA,0,0,0,23,27,0,0,199,0,0,0,0,48,NA,2012-10-30,297,23,226,48,0.0774410774410774,0.760942760942761,0.161616161616162,1
"94",94,"10.30.2012",NA,"TRUS1_TR18?","TRUS1_TR18?","US",NA,NA,"DBH at 1 m: 9.6, 8.8, 9.5, 9, 8.7, 8.5, 9.3","TRUS1_TR18?_1030",NA,0,0,0,10,8,0,0,204,0,0,158,7,4,NA,2012-10-30,391,10,212,169,0.0255754475703325,0.542199488491049,0.432225063938619,1
"95",95,"11.12.2012",NA,"TR13_","TR13_","sun",NA,NA,"sub1, 85 cm, 17.1-18.5 mm @  0.85 m Branch","TR13_1112_SU",NA,0,0,0,0,0,0,0,328,0,0,0,0,204,NA,2012-11-12,532,0,328,204,0,0.616541353383459,0.383458646616541,1
"96",96,"11.12.2012",NA,"TR13_","TR13_","sun",NA,NA,"27.3, 28.5 @1.12m","TR13_1212_SU_sb1+2+3+Other1+2",NA,0,0,0,0,0,0,0,263,0,0,148,55,0,NA,2012-11-12,466,0,263,203,0,0.564377682403433,0.435622317596566,1
"97",97,"11.12.2012",NA,"TR588_","TR588_",NA,NA,NA,"branch 1: 7.7 mm @ 1 m branch","TR588_1112",NA,0,0,0,0,0,0,0,175,0,0,0,0,13,NA,2012-11-12,188,0,175,13,0,0.930851063829787,0.0691489361702128,1
"98",98,"11.12.2012",NA,"TR588_","TR588_",NA,NA,NA,"Branch 2: 7.2 mm @ 1m branch","TR588_1112",NA,0,0,0,0,0,0,0,177,0,0,0,0,12,NA,2012-11-12,189,0,177,12,0,0.936507936507937,0.0634920634920635,1
"99",99,"11.12.2012",NA,"TR588_","TR588_",NA,NA,NA,"1.3 m: branch1+Branch 2+Other: 10.9","TR588_1112",NA,0,0,0,0,0,0,0,688,0,0,0,0,96,NA,2012-11-12,784,0,688,96,0,0.877551020408163,0.122448979591837,1
"100",100,"11.12.2012",NA,"TR13_","TR13_","shade",NA,NA," 1 m Branch: 14.5-15.3 mm","TR13_1112_SH",NA,0,0,0,0,0,0,0,71,0,0,0,0,53,NA,2012-11-12,124,0,71,53,0,0.57258064516129,0.42741935483871,1
"101",101,"11.12.2012",NA,"TR13_","TR13_","shade",NA,NA,"1.3 m Branch: 18.8 -19.9 mm","TR13_1112_SH",NA,0,0,0,0,0,0,0,0,0,0,0,0,0,NA,2012-11-12,0,0,0,0,NA,NA,NA,NA
"102",102,"11.13.2012",NA,"TR9_","TR9_","sun",NA,NA,"Sub1, 17.5 mm @ 1m Branch","TR9_SU1_1113",NA,30,13,25,0,58,0,0,375,0,0,0,0,82,NA,2012-11-13,583,68,433,82,0.11663807890223,0.742710120068611,0.14065180102916,1
"103",103,"11.13.2012",NA,"TR9_","TR9_","sun",NA,NA,"Sub , 17.5 mm @ 1m branch","TR9_SU1_1113",NA,20,5,33,0,40,0,0,341,0,0,0,0,106,NA,2012-11-13,545,58,381,106,0.106422018348624,0.699082568807339,0.194495412844037,1
"104",104,"11.13.2012",NA,"TR9_","TR9_","sun",NA,NA,"Sub1+Sub2: 25.8 mm @ 1.2 m","TR9_SU1_1113",NA,0,0,0,0,0,0,0,0,0,0,0,0,0,NA,2012-11-13,0,0,0,0,NA,NA,NA,NA
"105",105,"11.13.2012",NA,"TR9_","TR9_","sun",NA,NA,"21.4 mm-22.5 mm @ 1m branch","TR9_1113_SU2",NA,68,18,38,0,108,0,0,712,0,0,0,0,237,NA,2012-11-13,1181,124,820,237,0.104995766299746,0.69432684165961,0.200677392040644,1
"106",106,"11.13.2012",NA,"TR9_","TR9_","shade",NA,NA,"9.2-9.3 mm @ 1m branch","TR9_1113_SH1",NA,0,0,0,0,6,0,0,42,0,0,0,0,4,NA,2012-11-13,52,0,48,4,0,0.923076923076923,0.0769230769230769,1
"107",107,"11.13.2012",NA,"TR9_","TR9_","shade",NA,NA,"11.2 mm @ 1.1 m branch","TR9_1113_SH1",NA,0,0,0,0,5,0,0,11,0,0,0,0,18,NA,2012-11-13,34,0,16,18,0,0.470588235294118,0.529411764705882,1
"108",108,"11.13.2012",NA,"TR9_","TR9_","shade",NA,NA,"12.8-13 mm @1m branch","TR9_1113_SH2",NA,0,0,0,0,12,0,0,54,0,0,0,0,23,NA,2012-11-13,89,0,66,23,0,0.741573033707865,0.258426966292135,1
"109",109,"11.13.2012",NA,"TR9_","TR9_","shade",NA,NA,"14 mm @ 1m branch","TR9_1113_SH2",NA,0,0,0,0,5,0,0,12,0,0,0,0,12,NA,2012-11-13,29,0,17,12,0,0.586206896551724,0.413793103448276,1
"110",110,"11.13.2012",NA,"TR118_","TR118_","sun",NA,NA,"Stem 1: 20.9 mm @ 1m branch","TR118_1113_SU2",NA,0,0,0,0,235,0,0,67,0,0,0,0,0,NA,2012-11-13,302,0,302,0,0,1,0,1
"111",111,"11.13.2012",NA,"TR118_","TR118_","sun",NA,NA,"stem 2: 22.0 mm @ 1m branch","TR118_1113_SU2",NA,0,0,0,0,343,0,0,101,0,0,0,0,0,NA,2012-11-13,444,0,444,0,0,1,0,1
"112",112,"11.13.2012",NA,"TR118_","TR118_","sun",NA,NA,"stem 1: 18.7 mm @ 1m branch","TR118_1113_SU1",NA,0,0,0,0,0,0,0,327,0,0,0,0,109,NA,2012-11-13,436,0,327,109,0,0.75,0.25,1
"113",113,"11.13.2012",NA,"TR118_","TR118_","sun",NA,NA,"Stem 2: 20.1 mm @ 1 m branch","TR118_1113_SU1",NA,0,0,0,0,0,0,0,409,0,0,0,0,152,NA,2012-11-13,561,0,409,152,0,0.729055258467023,0.270944741532977,1
"114",114,"11.13.2012",NA,"TR118_","TR118_","shade",NA,NA,"21.5 mm @ 1m branch","TR118_1113_SH1",NA,0,0,0,0,0,0,0,99,0,0,0,0,211,NA,2012-11-13,310,0,99,211,0,0.319354838709677,0.680645161290323,1
"115",115,"11.13.2012",NA,"TR118_","TR118_","shade",NA,NA,"17.3 mm - 18.2 mm @ 1 m branch","TR118_1113_SH2",NA,0,0,0,0,0,0,0,223,0,0,0,0,121,NA,2012-11-13,344,0,223,121,0,0.648255813953488,0.351744186046512,1
"116",116,"11.14.2012",NA,"TR11_","TR11_","sun",NA,NA,"19.7-20.6 mm @ 1.25 m branch","TR11_1114_SU1",NA,0,0,0,29,333,0,0,756,0,0,0,0,5,NA,2012-11-14,1123,29,1089,5,0.0258236865538736,0.969723953695459,0.00445235975066785,1
"118",118,"11.14.2012",NA,"TR11_","TR11_","sun",NA,NA,"dropped leaves for TR_SU1_1114","TR11_1114_SU1",NA,0,0,0,11,13,0,0,4,0,0,0,0,1,NA,2012-11-14,29,11,17,1,0.379310344827586,0.586206896551724,0.0344827586206897,1
"119",119,"11.14.2012",NA,"TR11_","TR11_","sun",NA,NA,"Others, 12.3-12.4 @ 0.95 m Branch","TR11_1114_SU1",NA,0,0,0,0,0,0,0,0,0,0,0,0,0,NA,2012-11-14,0,0,0,0,NA,NA,NA,NA
"120",120,"11.14.2012",NA,"TR11_","TR11_","sun",NA,NA,"13.5-14.7 mm @ 1m branch ","TR11_SU2",NA,0,0,0,3,58,0,0,766,0,0,0,0,0,NA,2012-11-14,827,3,824,0,0.00362756952841596,0.996372430471584,0,1
"122",122,"11.14.2012",NA,"TR11_","TR11_","sun",NA,NA,"1 m  branch+ others=17.2-17.5 mm @ 1.2 m","TR11_SU2",NA,0,0,0,0,0,0,0,0,0,0,0,0,0,NA,2012-11-14,0,0,0,0,NA,NA,NA,NA
"123",123,"11.14.2012",NA,"TR11_","TR11_","shade",NA,NA,"11.8-12.2 mm@ 1m branch ","TR11_1114_SH2",NA,0,0,0,24,34,0,0,290,0,0,0,0,53,NA,2012-11-14,401,24,324,53,0.0598503740648379,0.807980049875312,0.13216957605985,1
"125",125,"11.14.2012",NA,"TR11_","TR11_","shade",NA,NA,"1m branch+others=14.8-15.1 m @1.2 m branch","TR11_1114_SH2",NA,0,0,0,0,0,0,0,0,0,0,0,0,0,NA,2012-11-14,0,0,0,0,NA,NA,NA,NA
"126",126,"11.14.2012",NA,"TR11_","TR11_","shade",NA,NA,"15.9 mm @ 1m branch","TR11_SH1",NA,0,0,0,78,187,0,0,424,0,0,0,0,51,NA,2012-11-14,740,78,611,51,0.105405405405405,0.825675675675676,0.0689189189189189,1
"127",127,"11.14.2012",NA,"TR500_","TR500_","sun",NA,NA,"36.5 m, 15.8-16.1 mm @ 1 m branch ","TR500_SU1",NA,0,0,0,0,0,0,0,58,0,0,0,0,24,NA,2012-11-14,82,0,58,24,0,0.707317073170732,0.292682926829268,1
"129",129,"11.14.2012",NA,"TR500_","TR500_","sun",NA,NA,"1m branch+others=22.9-23.2mm/1.43m","TR500_SU1",NA,0,0,0,0,0,0,0,0,0,0,0,0,0,NA,2012-11-14,0,0,0,0,NA,NA,NA,NA
"130",130,"11.14.2012",NA,"TR500_","TR500_","sun",NA,NA,"17.5mm @ 1m branch","TR500_SU2",NA,0,0,0,0,0,0,0,97,0,0,0,0,32,NA,2012-11-14,129,0,97,32,0,0.751937984496124,0.248062015503876,1
"132",132,"11.14.2012",NA,"TR500_","TR500_","sun",NA,NA,"1m branch+others =21.3 mm @ 1.2 m","TR500_SU2",NA,0,0,0,0,0,0,0,0,0,0,0,0,0,NA,2012-11-14,0,0,0,0,NA,NA,NA,NA
"133",133,"11.14.2012",NA,"TR500_","TR500_","shade",NA,NA,"14-14.2mm @ 1m branch","TR500_SH1",NA,0,0,0,0,0,0,0,41,0,0,0,0,25,NA,2012-11-14,66,0,41,25,0,0.621212121212121,0.378787878787879,1
"134",134,"11.14.2012",NA,"TR500_","TR500_","shade",NA,NA,"15 mm @ 1m branch","TR500_SH1",NA,0,0,0,0,0,0,0,52,0,0,0,0,24,NA,2012-11-14,76,0,52,24,0,0.684210526315789,0.315789473684211,1
"136",136,"11.14.2012",NA,"TR500_","TR500_","shade",NA,NA,"sub1+sub2+others=20.9 mm @ 1.1 m","TR500_SH1",NA,0,0,0,0,0,0,0,0,0,0,0,0,0,NA,2012-11-14,0,0,0,0,NA,NA,NA,NA
"137",137,"11.14.2012",NA,"TR500_","TR500_","shade",NA,NA,"1m branch: 10.5 mm","TR500_SH2",NA,0,0,0,0,0,0,0,20,0,0,0,0,10,NA,2012-11-14,30,0,20,10,0,0.666666666666667,0.333333333333333,1
"139",139,"11.14.2012",NA,"TR500_","TR500_","shade",NA,NA,"1m branch+others=13.7-14.5 mm @ 1.3 m","TR500_SH2",NA,0,0,0,0,0,0,0,0,0,0,0,0,0,NA,2012-11-14,0,0,0,0,NA,NA,NA,NA
"140",140,"11.15.2012",NA,"TR14_","TR14_","sun",NA,NA,"18.3-18.5 mm @ 1m branch","TR14_SU1",NA,0,0,0,0,0,0,0,141,0,0,0,0,0,NA,2012-11-15,141,0,141,0,0,1,0,1
"141",141,"11.15.2012",NA,"TR14_","TR14_","sun",NA,NA,"18.8 -20.5 mm @ 1m branch","TR14_SU2",NA,0,0,0,0,0,0,0,302,0,0,0,0,0,NA,2012-11-15,302,0,302,0,0,1,0,1
"142",142,"11.15.2012",NA,"TR14_","TR14_","sun",NA,NA,"1m branch+others=28.0-29.3 mm@ 1.25m","TR14_SU2",NA,0,0,0,0,0,0,0,375,0,0,0,0,0,NA,2012-11-15,375,0,375,0,0,1,0,1
"143",143,"11.15.2012",NA,"TR14_","TR14_","shade",NA,NA,"13.9-14.4 m @ 1m branch","TR14_SH2",NA,0,0,0,0,0,0,0,86,0,0,0,0,0,NA,2012-11-15,86,0,86,0,0,1,0,1
"146",146,"11.15.2012",NA,"TR14_","TR14_","shade",NA,NA,"16.8 mm @ 1m branch","TR14_SH1",NA,0,0,0,0,0,0,0,122,0,0,0,0,0,NA,2012-11-15,122,0,122,0,0,1,0,1
"147",147,"11.15.2012",NA,"TR504_","TR504_","sun",NA,NA,"14.7-15.2 mm @ 1m branch'","TR504_SU1",NA,0,0,0,43,0,0,0,773,0,0,0,0,6,NA,2012-11-15,822,43,773,6,0.0523114355231144,0.940389294403893,0.0072992700729927,1
"148",148,"11.15.2012",NA,"TR504_","TR504_","sun",NA,NA,"11.8 mm-11.4 mm @ 1m branch","TR504_SU1",NA,0,0,0,18,0,0,0,427,0,0,0,0,0,NA,2012-11-15,445,18,427,0,0.0404494382022472,0.959550561797753,0,1
"150",150,"11.15.2012",NA,"TR504_","TR504_","sun",NA,NA,"sub2+others=15.2mm-14.5mm @ 1.1 m","TR504_SU1",NA,0,0,0,0,0,0,0,0,0,0,0,0,0,NA,2012-11-15,0,0,0,0,NA,NA,NA,NA
"151",151,"11.15.2012",NA,"TR504_","TR504_","sun",NA,NA,"sub1+sub2+other2=19.2-19.3mm @ 1.24 m","TR504_SU1",NA,0,0,0,0,0,0,0,0,0,0,0,0,0,NA,2012-11-15,0,0,0,0,NA,NA,NA,NA
"152",152,"11.15.2012",NA,"TR504_","TR504_","sun",NA,NA,"11.6-12.2 mm @ 1m branch","TR504_SU2",NA,0,0,0,11,0,0,0,1097,0,0,0,0,0,NA,2012-11-15,1108,11,1097,0,0.00992779783393502,0.990072202166065,0,1
"153",153,"11.15.2012",NA,"TR504_","TR504_","sun",NA,NA,"7.1-7.4 mm @ 1m branch","TR504_SU2",NA,0,0,0,0,0,0,0,260,0,0,0,0,15,NA,2012-11-15,275,0,260,15,0,0.945454545454545,0.0545454545454545,1
"155",155,"11.15.2012",NA,"TR504_","TR504_","sun",NA,NA,"sub1+sub2+others: 16.2-16.4 mm @ 1.2 m","TR504_SU2",NA,0,0,0,0,0,0,0,0,0,0,0,0,0,NA,2012-11-15,0,0,0,0,NA,NA,NA,NA
"156",156,"11.15.2012",NA,"TR504_","TR504_","shade",NA,NA,"7.1 mm @ 1m branch","TR504_SH2",NA,0,0,0,101,0,0,0,155,0,0,0,0,28,NA,2012-11-15,284,101,155,28,0.355633802816901,0.545774647887324,0.0985915492957746,1
"157",157,"11.15.2012",NA,"TR504_","TR504_","shade",NA,NA,"18.2 m, 6.2 mm @ 1m branch","TR504_SH1",NA,0,0,0,100,0,0,0,22,0,0,0,0,0,NA,2012-11-15,122,100,22,0,0.819672131147541,0.180327868852459,0,1
"158",158,"11.15.2012",NA,"TR504_","TR504_","shade",NA,NA,"9.6 mm @ 1m branch","TR504_SH3",NA,0,0,0,0,0,0,0,346,0,0,0,0,65,NA,2012-11-15,411,0,346,65,0,0.841849148418491,0.158150851581509,1
"159",159,"11.19.2012",NA,"TR117_","TR117_","hi",NA,NA,"10.9-11.5mm @ 1m branch","TR117_1119_HI",NA,5,5,15,0,16,131,67,0,0,0,0,0,58,NA,2012-11-19,297,25,214,58,0.0841750841750842,0.720538720538721,0.195286195286195,1
"160",160,"11.19.2012",NA,"TR118_","TR118_","lo",NA,NA,"for ASD, 16.8-17.3 mm @ 1m branch","TR118_1119_SH",NA,0,0,0,0,48,0,0,171,0,0,0,0,58,NA,2012-11-19,277,0,219,58,0,0.790613718411552,0.209386281588448,1
"161",161,"11.19.2012",NA,"TR118_","TR118_","sun",NA,NA,"for ASD, DBH 19.8-20.2 mm @ 1m branch","TR118_1119_SU",NA,0,0,0,0,8,0,0,274,0,0,0,0,30,NA,2012-11-19,312,0,282,30,0,0.903846153846154,0.0961538461538462,1
"162",162,"11.19.2012",NA,"TR118_","TR118_","sun",NA,NA,"19.4-19.8 mm @ 1m branch","TR118_SU1_1119",NA,0,0,0,0,1,0,0,540,0,0,0,0,218,NA,2012-11-19,759,0,541,218,0,0.712779973649539,0.287220026350461,1
"163",163,"11.19.2012",NA,"TR117_","TR117_","lo",NA,NA,"9.4-10.1 mm @ 1m branch","TR117_1119_LO_sub1",NA,0,0,1,0,4,39,45,0,0,0,0,0,33,NA,2012-11-19,122,1,88,33,0.00819672131147541,0.721311475409836,0.270491803278689,1
"164",164,"11.19.2012",NA,"TR117_","TR117_","lo",NA,NA,"10.4-10.8mm @ 1m branch","TR117_1119_LO_sub2",NA,0,0,0,0,0,18,41,0,0,0,0,0,39,NA,2012-11-19,98,0,59,39,0,0.602040816326531,0.397959183673469,1
"165",165,"11.19.2012",NA,"TR117_","TR117_","lo",NA,NA,"13.8-13.9mm @ 1.25m branch","TR117_1119_LO_sub1+sub2",NA,0,0,0,0,0,0,0,0,0,0,0,0,0,NA,2012-11-19,0,0,0,0,NA,NA,NA,NA
"166",166,"11.20.2012",NA,"US2_TR118","US2_TR118","US",NA,NA,"10-10.3 mm @ 1m branch","US2_TR118_1120",NA,0,0,0,0,7,0,0,40,0,0,0,0,20,NA,2012-11-20,67,0,47,20,0,0.701492537313433,0.298507462686567,1
"167",167,"11.20.2012",NA,"US1_TR118","US1_TR118","US",NA,NA,"8.3-8.5 mm  @ 1 m branch; 10.6-11.1 mm @ 1.25 m","US1_TR118_1120",NA,0,0,0,26,205,0,0,0,0,0,199,103,0,NA,2012-11-20,533,26,205,302,0.0487804878048781,0.384615384615385,0.566604127579737,1
"169",169,"11.25.2012",NA,"TR9_","TR9_","shade",NA,NA,"Redo Version","TR9_1125_SH",NA,7,3,16,0,0,0,0,28,0,0,0,0,97,NA,2012-11-25,151,26,28,97,0.172185430463576,0.185430463576159,0.642384105960265,1
"170",170,"11.26.2012",NA,"TR9_","TR9_","sun",NA,NA,"sub1: 11.8-12.2 mm @ 1m branch","TR9_1126_SU",NA,10,14,20,0,10,0,0,106,0,0,0,0,62,NA,2012-11-26,222,44,116,62,0.198198198198198,0.522522522522523,0.279279279279279,1
"172",172,"11.26.2012",NA,"TR9_","TR9_","sun",NA,NA,"sub2: 16.6-18.1 mm @ 1 m branch","TR9_1126_SU",NA,10,6,32,0,0,0,0,299,0,0,0,0,121,NA,2012-11-26,468,48,299,121,0.102564102564103,0.638888888888889,0.258547008547009,1
"173",173,"11.26.2012",NA,"TR10_","TR10_","hi",NA,NA,"9.8-10.6 mm @ 1 m branch","TR10_1026_HI",NA,0,0,0,49,0,0,0,0,0,0,0,0,594,NA,2012-11-26,643,49,0,594,0.0762052877138414,0,0.923794712286159,1
"174",174,"11.26.2012",NA,"TR10_","TR10_","lo",NA,NA,"sub 1 (5.6 mm @ 1m branch)","TR10_1126_LO",NA,0,0,0,0,0,0,0,58,0,0,0,0,66,NA,2012-11-26,124,0,58,66,0,0.467741935483871,0.532258064516129,1
"175",175,"11.26.2012",NA,"TR10_","TR10_","lo",NA,NA,"sub1 @ 1.1m, 6-7.4mm","TR10_1126_LO",NA,0,0,0,0,0,0,0,30,0,0,0,0,41,NA,2012-11-26,71,0,30,41,0,0.422535211267606,0.577464788732394,1
"176",176,"11.26.2012",NA,"TR10_","TR10_","lo",NA,NA,"sub 2 (5.1-6.2 mm @ 1m branch)","TR10_1126_LO",NA,0,0,0,0,0,0,0,43,0,0,0,0,132,NA,2012-11-26,175,0,43,132,0,0.245714285714286,0.754285714285714,1
"177",177,"11.26.2012",NA,"TRUS1_TR9","TRUS1_TR9","US",NA,NA,"0","TRUS1_TR9_1126",NA,0,0,0,0,0,0,0,21,0,0,23,6,0,NA,2012-11-26,50,0,21,29,0,0.42,0.58,1
"178",178,"11.27.2012",NA,"TR500_","TR500_","sun",NA,NA,"sub 1 (15.8-16.7 mm @ 1 m branch)","TR500_1127_SU",NA,0,0,0,0,0,0,0,49,0,0,0,0,47,NA,2012-11-27,96,0,49,47,0,0.510416666666667,0.489583333333333,1
"180",180,"11.27.2012",NA,"TR500_","TR500_","sun",NA,NA,"Sub1+Others: 17.3-17.9 mm @ 1.1 m branch","TR500_1127_SU",NA,0,0,0,0,0,0,0,0,0,0,0,0,0,NA,2012-11-27,0,0,0,0,NA,NA,NA,NA
"181",181,"11.27.2012",NA,"TR500_","TR500_","sun",NA,NA,"Sub 2(18.7-20.3mm@1 m branch)","TR500_1127_SU",NA,0,0,0,0,0,0,0,66,0,0,0,0,44,NA,2012-11-27,110,0,66,44,0,0.6,0.4,1
"182",182,"11.27.2012",NA,"TR500_","TR500_","sun",NA,NA,"Sub1+Sub2+others=23.2-23.4 mm @ 1.2 m","TR500_1127_SU",NA,0,0,0,0,0,0,0,0,0,0,0,0,0,NA,2012-11-27,0,0,0,0,NA,NA,NA,NA
"183",183,"11.27.2012",NA,"TR500_","TR500_","shade",NA,NA,"sub1 (10.5-10.6 mm @ 0.95 m)","TR500_1127_SH",NA,0,0,0,0,0,0,0,25,0,0,0,0,27,NA,2012-11-27,52,0,25,27,0,0.480769230769231,0.519230769230769,1
"184",184,"11.27.2012",NA,"TR500_","TR500_","shade",NA,NA,"Sub2 (10.7-10.8 mm @ 0.9 m)","TR500_1127_SH",NA,0,0,0,0,0,0,0,22,0,0,0,0,19,NA,2012-11-27,41,0,22,19,0,0.536585365853659,0.463414634146341,1
"185",185,"11.27.2012",NA,"TR500_","TR500_","shade",NA,NA,"sub1+sub2 = 15.3-16.2 mm @ 1m branch","TR500_1127_SH",NA,0,0,0,0,0,0,0,0,0,0,0,0,0,NA,2012-11-27,0,0,0,0,NA,NA,NA,NA
"186",186,"11.27.2012",NA,"US1_TR500","US1_TR500","US",NA,NA,"0","US1_TR500_1127",NA,0,0,0,0,18,0,0,75,0,0,0,0,38,NA,2012-11-27,131,0,93,38,0,0.709923664122137,0.290076335877863,1
"187",187,"11.27.2012",NA,"TR502_","TR502_","MC",NA,NA,"sub1 (10.4-11.2 mm @ 1 m branch)","TR502_1127",NA,0,0,0,0,0,0,0,58,0,0,0,0,24,NA,2012-11-27,82,0,58,24,0,0.707317073170732,0.292682926829268,1
"188",188,"11.27.2012",NA,"TR502_","TR502_","MC",NA,NA,"Sub 2(8.5-10.4 mm @ 1m branch)","TR502_1127",NA,0,0,0,0,0,0,0,56,0,0,0,0,18,NA,2012-11-27,74,0,56,18,0,0.756756756756757,0.243243243243243,1
"189",189,"11.27.2012",NA,"TR502_","TR502_","MC",NA,NA,"Sub 3 (12.1-12.9 mm @ 1m branch)","TR502_1127",NA,0,0,0,0,0,0,0,65,0,0,0,0,11,NA,2012-11-27,76,0,65,11,0,0.855263157894737,0.144736842105263,1
"191",191,"11.27.2012",NA,"TR502_","TR502_","MC",NA,NA,"sub1+sub3+others = 17.3-16.2 mm @ 1.2 m Branch","TR502_1127",NA,0,0,0,0,0,0,0,0,0,0,0,0,0,NA,2012-11-27,0,0,0,0,NA,NA,NA,NA
"192",192,"11.29.2012",NA,"US1_TR504","US1_TR504","US",NA,NA,"7.6-8.9 mm @ 1m branch","US1_TR504_1129",NA,0,0,0,1,0,0,0,43,0,0,0,0,6,NA,2012-11-29,50,1,43,6,0.02,0.86,0.12,1
"193",193,"11.29.2012",NA,"US1_TR504","US1_TR504","US",NA,NA,"8.8-9.7 mm @ 1m branch","US1_TR504_1129",NA,0,0,0,1,0,0,0,23,0,0,0,0,2,NA,2012-11-29,26,1,23,2,0.0384615384615385,0.884615384615385,0.0769230769230769,1
"194",194,"11.29.2012",NA,"US1_TR504","US1_TR504","US",NA,NA,"11.6 -13.1 mm @ 1m branch","US1_TR504_1129",NA,0,0,0,5,0,0,0,39,0,0,0,0,3,NA,2012-11-29,47,5,39,3,0.106382978723404,0.829787234042553,0.0638297872340425,1
"195",195,"11.29.2012",NA,"US1_TR504","US1_TR504","US",NA,NA,"Sub 1 (1m branch)","US1_TR504_1129",NA,0,0,0,0,0,0,0,14,0,0,0,0,15,NA,2012-11-29,29,0,14,15,0,0.482758620689655,0.517241379310345,1
"196",196,"11.29.2012",NA,"MC1_TR504","MC1_TR504","MC",NA,NA,"11.1-12.3 mm @ 1m branch","MC1_TR504_1129",NA,0,0,0,0,17,0,0,72,0,0,0,0,24,NA,2012-11-29,113,0,89,24,0,0.787610619469027,0.212389380530973,1
"197",197,"11.29.2012",NA,"TR504_","TR504_","sun",NA,NA,"Sub1 (11.1-11.7 mm @ 1m branch)","TR504_1129_SU",NA,0,0,0,0,0,0,0,1082,0,0,0,0,2,NA,2012-11-29,1084,0,1082,2,0,0.998154981549816,0.0018450184501845,1
"200",200,"11.29.2012",NA,"TR504_","TR504_","shade",NA,NA,"Sub 1 (8.2-8.3 mm @ 1m branch)","TR504_1129_SH",NA,0,0,0,0,0,0,0,122,0,0,0,0,114,NA,2012-11-29,236,0,122,114,0,0.516949152542373,0.483050847457627,1
"204",204,"11.30.2012",NA,"MC1_TR14","MC1_TR14","MC",NA,NA,"sub 1 (8.8-9.4 mm @ 1m branch)","MC1_TR14_1130_HI",NA,0,0,0,0,0,0,0,141,0,0,0,0,80,NA,2012-11-30,221,0,141,80,0,0.638009049773756,0.361990950226244,1
"207",207,"11.30.2012",NA,"TR14_","TR14_","sun",NA,NA,"16.2-16.3 mm @ 1m branch","TR14_1130_SU",NA,0,0,0,0,0,0,0,133,0,0,0,0,0,NA,2012-11-30,133,0,133,0,0,1,0,1
"208",208,"11.30.2012",NA,"TR14_","TR14_","shade",NA,NA,"13.8-14.1 mm @ 1 m branch","TR14_1130_SH",NA,0,0,0,0,0,0,0,53,0,0,0,0,0,NA,2012-11-30,53,0,53,0,0,1,0,1
"209",209,"11.30.2012",NA,"TR14_","TR14_","shade",NA,NA,"13.6-14.3 mm @ 1.1 m Branch","TR14_1130_SH",NA,0,0,0,0,0,0,0,20,0,0,0,0,0,NA,2012-11-30,20,0,20,0,0,1,0,1
"210",210,"11.30.2012",NA,"TR14_","TR14_","shade",NA,NA,"16.2-16.7 @ 1.2m","TR14_1130_SH",NA,0,0,0,0,0,0,0,29,0,0,0,0,0,NA,2012-11-30,29,0,29,0,0,1,0,1
"211",211,"11.30.2012",NA,"TR14_","TR14_","shade",NA,NA,"18.4-19.0 mm @ 1.5m branch","TR14_1130_SH",NA,0,0,0,0,0,0,0,22,0,0,0,0,0,NA,2012-11-30,22,0,22,0,0,1,0,1
"212",212,"11.30.2012",NA,"TR14_","TR14_","shade",NA,NA,"18.4-19.0 mm @ 1m branch","TR14_1130_SH",NA,0,0,0,0,0,0,0,15,0,0,0,0,0,NA,2012-11-30,15,0,15,0,0,1,0,1
"213",213,"11.30.2012",NA,"TRUS1_","TRUS1_","US",NA,NA,"0","TRUS1_1130",NA,0,0,0,0,0,0,0,145,0,0,0,0,219,NA,2012-11-30,364,0,145,219,0,0.398351648351648,0.601648351648352,1
"214",214,"12.04.2012",NA,"TR11_","TR11_","sun",NA,NA,"Sub 1 (15.3-15.3 mm @ 0.95 m branch)","TR11_SU1",NA,0,0,0,0,0,0,0,1123,0,0,0,0,0,NA,2012-12-04,1123,0,1123,0,0,1,0,1
"215",215,"12.04.2012",NA,"TR11_","TR11_","sun",NA,NA,"Sub 2 (12.5-13.3 mm @ 1m branch)","TR11_SU1",NA,0,0,0,0,0,0,0,596,0,0,0,0,4,NA,2012-12-04,600,0,596,4,0,0.993333333333333,0.00666666666666667,1
"216",216,"12.04.2012",NA,"TR11_","TR11_","sun",NA,NA,"Sub 3 (11-11.4 mm @ 0.9 m branch)","TR11_SU1",NA,0,0,0,0,0,0,0,228,0,0,0,0,0,NA,2012-12-04,228,0,228,0,0,1,0,1
"217",217,"12.04.2012",NA,"TR11_","TR11_","sun",NA,NA,"Sub 4 (8.4-8.5 mm @ 0.9 m Branch)","TR11_SU1",NA,0,0,0,0,0,0,0,201,0,0,0,0,0,NA,2012-12-04,201,0,201,0,0,1,0,1
"220",220,"12.04.2012",NA,"TR11_","TR11_","sun",NA,NA,"Sub 1 (14.5-14.6 mm @ 1m branch)","TR11_Su2_1204",NA,0,0,0,0,0,0,0,671,0,0,0,0,33,NA,2012-12-04,704,0,671,33,0,0.953125,0.046875,1
"221",221,"12.04.2012",NA,"TR11_","TR11_","sun",NA,NA,"Sub 2 (12.2-13.1 mm @ 1m Branch)","TR11_Su2_1204",NA,0,0,0,0,0,0,0,303,0,0,0,0,122,NA,2012-12-04,425,0,303,122,0,0.712941176470588,0.287058823529412,1
"224",224,"12.04.2012",NA,"TR11_","TR11_","sun",NA,NA,"Sub 1 (12.8-13.2 mm @ 1m branch)","TR11_SH1_1204",NA,0,0,0,0,0,0,0,451,0,0,0,0,36,NA,2012-12-04,487,0,451,36,0,0.926078028747433,0.0739219712525667,1
"225",225,"12.04.2012",NA,"TR11_","TR11_","shade",NA,NA,"Sub 1 (11.5-12.2 mm @ 1m branch)","TR11_SH2",NA,0,0,0,0,0,0,0,270,0,0,0,0,4,NA,2012-12-04,274,0,270,4,0,0.985401459854015,0.0145985401459854,1
"226",226,"12.04.2012",NA,"TR11_","TR11_","shade",NA,NA,"Sub 2 (11.3-11.6mm @ 1 m branch)","TR11_SH2",NA,0,0,0,0,0,0,0,169,0,0,0,0,34,NA,2012-12-04,203,0,169,34,0,0.832512315270936,0.167487684729064,1
"229",229,"12.04.2012",NA,"TR591_","TR591_","MC",NA,NA,"Sub 1 (7.1-7.4 mm @ 1m branch)","TR591_1204",NA,0,0,0,0,0,0,0,33,0,0,0,0,168,NA,2012-12-04,201,0,33,168,0,0.164179104477612,0.835820895522388,1
"230",230,"12.04.2012",NA,"TR591_","TR591_","MC",NA,NA,"Sub 2 (7.6-8.3 mm @ 1m branch)","TR591_1204",NA,0,0,0,0,0,0,0,132,0,0,0,0,152,NA,2012-12-04,284,0,132,152,0,0.464788732394366,0.535211267605634,1
"233",233,"12.04.2012",NA,"TR591_","TR591_","MC",NA,NA,"Sub 3 (6.8-7.4 mm @ 1m branch)","TR591_1204",NA,0,0,0,0,0,0,0,94,0,0,0,0,40,NA,2012-12-04,134,0,94,40,0,0.701492537313433,0.298507462686567,1
"234",234,"12.04.2012",NA,"TR591_","TR591_","MC",NA,NA,"Sub 4 (7.2-7.4 mm @ 0.9 m branch)","TR591_1204",NA,0,0,0,0,0,0,0,92,0,0,0,0,65,NA,2012-12-04,157,0,92,65,0,0.585987261146497,0.414012738853503,1
"237",237,"12.04.2012",NA,"TR590_","TR590_","MC",NA,NA,"10.5-11.7 mm @ 1 m branch","TR590_1204_1",NA,0,0,0,0,0,0,0,178,0,0,0,0,0,NA,2012-12-04,178,0,178,0,0,1,0,1
"238",238,"12.04.2012",NA,"TR590_","TR590_","MC",NA,NA,"Sub 1 (10.9-11.4 m @ 1m branch)","TR590_1204_2",NA,0,0,0,0,0,0,0,122,0,0,0,0,0,NA,2012-12-04,122,0,122,0,0,1,0,1
"239",239,"12.04.2012",NA,"TR590_","TR590_","MC",NA,NA,"Sub 2 (13.9-13.4 mm @ 1m branch)","TR590_1204_2",NA,0,0,0,0,0,0,0,187,0,0,0,0,0,NA,2012-12-04,187,0,187,0,0,1,0,1
"242",242,"12.04.2012",NA,"US1_TR11","US1_TR11","US",NA,NA,"Sub 1 (11.2-11.5 mm @ 1m branch)","US1_TR11_1204_2",NA,0,0,0,0,0,0,0,37,0,0,19,7,0,NA,2012-12-04,63,0,37,26,0,0.587301587301587,0.412698412698413,1
"243",243,"12.04.2012",NA,"US1_TR11","US1_TR11","US",NA,NA,"Sub2 (1m branch)","US1_TR11_1204_2",NA,0,0,0,0,0,0,0,13,0,0,10,9,0,NA,2012-12-04,32,0,13,19,0,0.40625,0.59375,1
"244",244,"12.04.2012",NA,"US1_TR11","US1_TR11","US",NA,NA,"sub1+sub2: 12.2-13.1 mm @ 1.2 m branch","US1_TR11_1204_2",NA,0,0,0,0,0,0,0,0,0,0,0,0,0,NA,2012-12-04,0,0,0,0,NA,NA,NA,NA
"245",245,"12.04.2012",NA,"US1_TR11","US1_TR11","US",NA,NA,"0","US1_TR11_1204_1",NA,0,0,0,0,0,0,0,21,0,0,17,12,0,NA,2012-12-04,50,0,21,29,0,0.42,0.58,1
"246",246,"12.05.2012",NA,"TR500_","TR500_","sun",NA,NA,"Sub 1 (12.9 -13.3 mm @ 1m branch)","TR500_Su1",NA,0,0,0,0,0,49,14,0,0,0,0,0,7,NA,2012-12-05,70,0,63,7,0,0.9,0.1,1
"247",247,"12.05.2012",NA,"TR500_","TR500_","sun",NA,NA,"Sub 2 (19.4-`9.8 mm @ 1m branch)","TR500_Su1",NA,0,0,0,0,0,88,54,0,0,0,0,0,6,NA,2012-12-05,148,0,142,6,0,0.959459459459459,0.0405405405405405,1
"254",254,"12.05.2012",NA,"TR500_","TR500_","sun",NA,NA,"Sub 1 (19.5-19.5 mm @ 1 m Branch)","TR500_1205_SU2",NA,0,0,0,0,0,123,9,0,0,0,0,0,0,NA,2012-12-05,132,0,132,0,0,1,0,1
"255",255,"12.05.2012",NA,"TR500_","TR500_","sun",NA,NA,"Sub 2 (17-17.2 mm @ 1 m branch)","TR500_1205_SU2",NA,0,0,0,0,0,75,22,0,0,0,0,0,0,NA,2012-12-05,97,0,97,0,0,1,0,1
"256",256,"12.05.2012",NA,"TR500_","TR500_","sun",NA,NA,"Sub 3 (20-20.5 mm @ 1m branch)","TR500_1205_SU2",NA,0,0,0,0,0,70,38,0,0,0,0,0,0,NA,2012-12-05,108,0,108,0,0,1,0,1
"258",258,"12.05.2012",NA,"TR500_","TR500_","shade",NA,NA,"Sub 1 (16.0 -16.4 mm @ 1m branch)","TR500_1205_Sh1",NA,0,0,0,0,0,43,17,0,0,0,0,0,0,NA,2012-12-05,60,0,60,0,0,1,0,1
"259",259,"12.05.2012",NA,"TR500_","TR500_","shade",NA,NA,"Sub 2 (12.7-13.3 mm @ 1m branch)","TR500_1205_Sh1",NA,0,0,0,0,0,12,17,0,0,0,0,0,0,NA,2012-12-05,29,0,29,0,0,1,0,1
"262",262,"12.05.2012",NA,"TR500_","TR500_","shade",NA,NA,"Sub 1 (10.9-11.2 mm @ 1m branch)","TR500_1206_SH2",NA,0,0,0,0,0,21,3,0,0,0,0,0,1,NA,2012-12-05,25,0,24,1,0,0.96,0.04,1
"263",263,"12.05.2012",NA,"TR500_","TR500_","shade",NA,NA,"Sub 2 (9.8-11.3 mm @ 1m branch)","TR500_1206_SH2",NA,0,0,0,0,0,22,10,0,0,0,0,0,1,NA,2012-12-05,33,0,32,1,0,0.96969696969697,0.0303030303030303,1
"264",264,"12.05.2012",NA,"TR500_","TR500_","shade",NA,NA,"Sub 3 (13.2-13.4 mm @ 1 m branch)","TR500_1206_SH2",NA,0,0,0,0,0,27,19,0,0,0,0,0,0,NA,2012-12-05,46,0,46,0,0,1,0,1
"265",265,"12.05.2012",NA,"TR500_","TR500_","shade",NA,NA,"Sub 4 (11-11.9 mm @ 1m branch)","TR500_1206_SH2",NA,0,0,0,0,0,19,9,0,0,0,0,0,2,NA,2012-12-05,30,0,28,2,0,0.933333333333333,0.0666666666666667,1
"269",269,"12.05.2012",NA,"TR504_","TR504_","shade",NA,NA,"Sub 1 (8.8-9.2 mm @ 1m branch)","TR504_1205_SH1",NA,0,0,0,0,0,0,0,428,0,0,0,0,34,NA,2012-12-05,462,0,428,34,0,0.926406926406926,0.0735930735930736,1
"270",270,"12.05.2012",NA,"TR504_","TR504_","shade",NA,NA,"Sub2 (1m Branch)5.2-5.5 mm @ 1m branch","TR504_1205_SH1",NA,0,0,0,0,0,0,0,110,0,0,0,0,13,NA,2012-12-05,123,0,110,13,0,0.894308943089431,0.105691056910569,1
"271",271,"12.05.2012",NA,"TR504_","TR504_","shade",NA,NA,"Other A1 (5.3-5.7mm @ 0.8 m)","TR504_1205_SH1",NA,0,0,0,0,0,0,0,164.5,0,0,0,0,73,NA,2012-12-05,237.5,0,164.5,73,0,0.692631578947368,0.307368421052632,1
"273",273,"12.05.2012",NA,"TR504_","TR504_","shade",NA,NA,"Sub 1 (7.5-7.6 mm@ 1m branch)","TR504_1204_Sh2",NA,0,0,0,0,0,0,0,379,0,0,0,0,12,NA,2012-12-05,391,0,379,12,0,0.969309462915601,0.030690537084399,1
"274",274,"12.05.2012",NA,"TR504_","TR504_","shade",NA,NA,"Sub 2 (6.2-6.8 mm @ 0.95 m )","TR504_1204_Sh2",NA,0,0,0,0,0,0,0,211,0,0,0,0,24,NA,2012-12-05,235,0,211,24,0,0.897872340425532,0.102127659574468,1
"275",275,"12.05.2012",NA,"TR504_","TR504_","shade",NA,NA,"Sub 3 (6.6-7.2 mm @ 0.9 m)","TR504_1204_Sh2",NA,0,0,0,0,0,0,0,290,0,0,0,0,0,NA,2012-12-05,290,0,290,0,0,1,0,1
"279",279,"12.05.2012",NA,"TR504_","TR504_","sun",NA,NA,"Sub 1 (10.3-10.3 mm @ 1m branch)","TR504_Sun1_1205",NA,0,0,0,0,0,0,0,588,0,0,0,0,10,NA,2012-12-05,598,0,588,10,0,0.983277591973244,0.0167224080267559,1
"280",280,"12.05.2012",NA,"TR504_","TR504_","sun",NA,NA,"Sub 2 (10.5-10.8 mm @ 1m branch)","TR504_Sun1_1205",NA,0,0,0,0,0,0,0,700,0,0,0,0,5,NA,2012-12-05,705,0,700,5,0,0.99290780141844,0.00709219858156028,1
"281",281,"12.05.2012",NA,"TR504_","TR504_","sun",NA,NA,"Sub 3 (17.5-17.6 mm @ 1m branch)","TR504_Sun1_1205",NA,0,0,0,0,0,0,0,254,0,0,0,0,0,NA,2012-12-05,254,0,254,0,0,1,0,1
"285",285,"12.05.2012",NA,"TR504_","TR504_","sun",NA,NA,"Sub 1 (11.1-11.6 mm @ 1m branch)","TR504_1204_SU2",NA,0,0,0,0,0,0,0,684,0,0,0,0,0,NA,2012-12-05,684,0,684,0,0,1,0,1
"286",286,"12.05.2012",NA,"TR504_","TR504_","sun",NA,NA,"Sub 2 (11-11.7 mm @ 1m branch)","TR504_1204_SU2",NA,0,0,0,0,0,0,0,822,0,0,0,0,0,NA,2012-12-05,822,0,822,0,0,1,0,1
"289",289,"12.06.2012",NA,"TR14_","TR14_","sun",NA,NA,"Sub 1 (22.8-22.9 mm @ 1m  branch)","TR14_1206_SU1",NA,0,0,0,0,0,0,0,293,0,0,0,0,0,NA,2012-12-06,293,0,293,0,0,1,0,1
"290",290,"12.06.2012",NA,"TR14_","TR14_","sun",NA,NA,"Sub 2 (17.3-17.7 mm @ 0.95 m)","TR14_1206_SU1",NA,0,0,0,0,0,0,0,65,0,0,0,0,0,NA,2012-12-06,65,0,65,0,0,1,0,1
"292",292,"12.06.2012",NA,"TR14_","TR14_","sun",NA,NA,"Sub 1 (22.9-23.4 mm @ 1m branch)","TR14_1206_SU2",NA,0,0,0,0,0,0,0,348,0,0,0,0,0,NA,2012-12-06,348,0,348,0,0,1,0,1
"293",293,"12.06.2012",NA,"TR14_","TR14_","sun",NA,NA,"Sub 2 (20.2-20.3 mm @ 1m branch)","TR14_1206_SU2",NA,0,0,0,0,0,0,0,136,0,0,0,0,0,NA,2012-12-06,136,0,136,0,0,1,0,1
"296",296,"12.06.2012",NA,"TR14_","TR14_","shade",NA,NA,"Sub 1 (15.1-15.8 mm @ 1m branch)","TR14_1206_SH1",NA,0,0,0,0,0,0,0,215,0,0,0,0,0,NA,2012-12-06,215,0,215,0,0,1,0,1
"297",297,"12.06.2012",NA,"TR14_","TR14_","shade",NA,NA,"Sub 2 (14.5 -14.6 mm @ 1m branch)","TR14_1206_SH1",NA,0,0,0,0,0,0,0,74,0,0,0,0,0,NA,2012-12-06,74,0,74,0,0,1,0,1
"298",298,"12.06.2012",NA,"TR14_","TR14_","shade",NA,NA,"Sub 1 (13.3-13.4 mm @ 1m branch)","TR14_1206_SH2",NA,0,0,0,0,0,0,0,68,0,0,0,0,0,NA,2012-12-06,68,0,68,0,0,1,0,1
"299",299,"12.06.2012",NA,"TR14_","TR14_","shade",NA,NA,"Sub 2 (11.5-11.7 mm @ 0.8 m branch)","TR14_1206_SH2",NA,0,0,0,0,0,0,0,85,0,0,0,0,0,NA,2012-12-06,85,0,85,0,0,1,0,1
"300",300,"12.06.2012",NA,"TR14_","TR14_","shade",NA,NA,"Sub 3 (11.7mm @ 0.8 m branch)","TR14_1206_SH2",NA,0,0,0,0,0,0,0,47,0,0,0,0,0,NA,2012-12-06,47,0,47,0,0,1,0,1
"302",302,"08.25.2013",NA,"TR500_","TR500_","shade",NA,NA,"13.9, 14.7","TR500_08.25.2013_SH",NA,1,10,16,0,4,13,0,0,0,0,0,0,13,NA,2013-08-25,57,27,17,13,0.473684210526316,0.298245614035088,0.228070175438596,1
"303",303,"08.25.2013",NA,"TR500_","TR500_","sun",NA,NA,"15.8, 16.9","TR500_08.25.2013_SU",NA,4,10,11,0,5,46,0,0,0,0,0,0,25,NA,2013-08-25,101,25,51,25,0.247524752475248,0.504950495049505,0.247524752475248,1
"304",304,"09.03.2013",NA,"TR232_","TR232_","lo",NA,NA,"10.3, 10.5","TR232_11.03.2013_SH1",NA,57,84,0,0,0,0,0,0,0,0,0,0,49,NA,2013-09-03,190,141,0,49,0.742105263157895,0,0.257894736842105,1
"305",305,"09.03.2013",NA,"TR232_","TR232_","lo",NA,NA,"9, 9.2","TR232_11.03.2013_SH2",NA,63,50,0,0,0,0,0,0,0,0,0,0,34,NA,2013-09-03,147,113,0,34,0.768707482993197,0,0.231292517006803,1
"306",306,"09.03.2013",NA,"TR232_","TR232_","hi",NA,NA,"9.3, 9.4","TR232_11.03.2013_HI",NA,70,119,0,0,0,0,0,0,0,0,6,6,0,NA,2013-09-03,201,189,0,12,0.940298507462687,0,0.0597014925373134,1
"307",307,"09.14.2013",NA,"TR232_","TR232_","hi",NA,NA,"11.8, 13.2","TR232_11.14.2013_HI",NA,0,0,169,0,0,0,0,0,0,0,14,1,0,NA,2013-09-14,184,169,0,15,0.918478260869565,0,0.0815217391304348,1
"308",308,"09.19.2013",NA,"TR9_","TR9_","shade",NA,NA,"10.6, 11.4","TR9_09.19.2013_SH",NA,17,21,14,0,7,0,0,0,0,0,0,0,51,NA,2013-09-19,110,52,7,51,0.472727272727273,0.0636363636363636,0.463636363636364,1
"309",309,"09.19.2013",NA,"TR9_","TR9_","sun",NA,NA,"18.2, 19.3","TR9_09.19.2013_SU",NA,57,7,3,0,0,0,0,0,0,0,0,0,331,NA,2013-09-19,398,67,0,331,0.168341708542714,0,0.831658291457286,1
"310",310,"09.21.2013",NA,"TR117_","TR117_","lo",NA,NA,"11.9, 12.5","TR117_09.21.2013_lo",NA,5,1,1,10,3,0,0,63,0,0,0,0,9,NA,2013-09-21,92,17,66,9,0.184782608695652,0.717391304347826,0.0978260869565217,1
"311",311,"09.21.2013",NA,"TR117_","TR117_","hi",NA,NA,"10.7, 11.7","TR117_09.21.2013_hi",NA,2,1,0,8,0,0,0,117,0,0,0,0,35,NA,2013-09-21,163,11,117,35,0.0674846625766871,0.717791411042945,0.214723926380368,1
"312",312,"09.22.2013",NA,"TR232_","TR232_","MC",NA,NA,"9.4, 9.8","TR232_11.22.2013_dpld",NA,0,0,0,0,117,0,0,0,0,0,0,0,8,NA,2013-09-22,125,0,117,8,0,0.936,0.064,1
"313",313,"09.22.2013",NA,"TR232_","TR232_","MC",NA,NA,"7.5, 8.4 @0.95m","TR232_11.22.2013_ecophys",NA,0,0,0,0,74,0,0,0,0,0,0,0,1,NA,2013-09-22,75,0,74,1,0,0.986666666666667,0.0133333333333333,1
"314",314,"09.22.2013",NA,"TR118_","TR118_","shade",NA,NA,"13.6, 13.8","TR118_09.22.2013_SH",NA,0,0,0,0,0,0,0,89,0,0,0,0,123,NA,2013-09-22,212,0,89,123,0,0.419811320754717,0.580188679245283,1
"315",315,"09.22.2013",NA,"TR118_","TR118_","sun",NA,NA,"13.8, 13.9","TR118_09.22.2013_SU",NA,0,0,0,0,0,0,0,62,0,0,0,0,132,NA,2013-09-22,194,0,62,132,0,0.319587628865979,0.680412371134021,1
"316",316,"09.26.2013",NA,"TR500_","TR500_","shade",NA,NA,"12.3, 12.6","TR500_09.26.2013_SH1.1",NA,4,4,5,0,0,0,0,11,0,0,0,0,35,NA,2013-09-26,59,13,11,35,0.220338983050847,0.186440677966102,0.593220338983051,1
"317",317,"09.26.2013",NA,"TR500_","TR500_","shade",NA,NA,"13.5, 13.8","TR500_09.26.2013_SH1.2",NA,0,0,3,0,0,0,0,11,0,0,0,0,14,NA,2013-09-26,28,3,11,14,0.107142857142857,0.392857142857143,0.5,1
"318",318,"09.26.2013",NA,"TR500_","TR500_","sun",NA,NA,"20.1, 20.4","TR500_09.26.2013_SU1",NA,9,0,58,0,0,0,0,74,0,0,0,0,0,NA,2013-09-26,141,67,74,0,0.475177304964539,0.524822695035461,0,1
"319",319,"09.26.2013",NA,"TR500_","TR500_","sun",NA,NA,"14.9, 16","TR500_09.26.2013_SU2",NA,5,0,27,0,0,0,0,27,0,0,0,0,0,NA,2013-09-26,59,32,27,0,0.542372881355932,0.457627118644068,0,1
"320",320,"11.13.2013",NA,"TR11_","TR11_","shade",NA,NA,"11.05, 11.45","TR11_11.13.2013_SH1",NA,0,0,0,0,40,0,0,246,0,0,0,0,51,NA,2013-11-13,337,0,286,51,0,0.8486646884273,0.1513353115727,1
"321",321,"11.13.2013",NA,"TR11_","TR11_","shade",NA,NA,"15.78, 16.12","TR11_11.13.2013_SH4",NA,0,0,0,0,188,0,0,588,0,0,0,0,169,NA,2013-11-13,945,0,776,169,0,0.821164021164021,0.178835978835979,1
"322",322,"11.13.2013",NA,"TR11_","TR11_","sun",NA,NA,"11.72, 12.15","TR11_11.13.2013_SU3.1",NA,0,0,0,0,39,0,0,482,0,0,0,0,30,NA,2013-11-13,551,0,521,30,0,0.945553539019964,0.0544464609800363,1
"323",323,"11.13.2013",NA,"TR11_","TR11_","sun",NA,NA,"14.11, 14.70","TR11_11.13.2013_SU3.2",NA,0,0,0,0,17,0,0,538,0,0,0,0,54,NA,2013-11-13,609,0,555,54,0,0.911330049261084,0.0886699507389163,1
"324",324,"11.13.2013",NA,"TR11_","TR11_","sun",NA,NA,"NA","TR11_11.13.2013_SU3.3",NA,0,0,0,0,60,0,0,262,0,0,0,0,80,NA,2013-11-13,402,0,322,80,0,0.800995024875622,0.199004975124378,1
"325",325,"11.13.2013",NA,"TR11_","TR11_","sun",NA,NA,"NA","TR11_11.13.2013_SU3.4",NA,0,0,0,0,23,0,0,156,0,0,0,0,49,NA,2013-11-13,228,0,179,49,0,0.785087719298246,0.214912280701754,1
"326",326,"11.13.2013",NA,"TR11_","TR11_","sun",NA,NA,"NA","TR11_11.13.2013_SU3.5",NA,0,0,0,0,18,0,0,215,0,0,0,0,66,NA,2013-11-13,299,0,233,66,0,0.779264214046823,0.220735785953177,1
"327",327,"11.13.2013",NA,"TR11_","TR11_","sun",NA,NA,"NA","TR11_11.13.2013_SU3.6",NA,0,0,0,0,22,0,0,99,0,0,0,0,28,NA,2013-11-13,149,0,121,28,0,0.812080536912752,0.187919463087248,1
"328",328,"11.14.2013",NA,"TR232_","TR232_","MC",NA,NA,"10.4, 10.9","TR232_11.14.2013_1",NA,0,0,0,0,0,0,0,100,0,0,0,0,9,NA,2013-11-14,109,0,100,9,0,0.917431192660551,0.0825688073394495,1
"329",329,"11.14.2013",NA,"TR232_","TR232_","MC",NA,NA,"10.97, 11.19","TR232_11.14.2013_2",NA,0,0,0,0,0,0,0,40,0,0,0,0,22,NA,2013-11-14,62,0,40,22,0,0.645161290322581,0.354838709677419,1
"330",330,"11.15.2013",NA,"US1_","US1_","US",NA,NA,"11.65, 12.22","US1_500?_11.15.2013_1",NA,0,0,0,0,0,0,0,116,0,0,0,0,32,NA,2013-11-15,148,0,116,32,0,0.783783783783784,0.216216216216216,1
"331",331,"11.15.2013",NA,"US1_","US1_","US",NA,NA,"7.5, 7.94","US1_500?_11.15.2013_2",NA,0,0,0,0,0,0,0,37,0,0,0,0,43,NA,2013-11-15,80,0,37,43,0,0.4625,0.5375,1
"332",332,"11.15.2013",NA,"TR502_","TR502_","MC",NA,NA,"11.65, 12.22 @ 0.77m","TR502_11.15.2013_1",NA,0,0,0,0,0,0,0,58,0,0,0,0,30,NA,2013-11-15,88,0,58,30,0,0.659090909090909,0.340909090909091,1
"333",333,"11.15.2013",NA,"TR502_","TR502_","MC",NA,NA,"19.79, 19.8","TR502_11.15.2013_2",NA,0,0,0,0,0,0,0,219,0,0,0,0,40,NA,2013-11-15,259,0,219,40,0,0.845559845559846,0.154440154440154,1
"334",334,"11.15.2013",NA,"TR500_","TR500_","sun",NA,NA,"19.05, 19.12","TR500_11.15.2013_SUN1",NA,0,0,0,15,0,0,0,41,0,0,0,0,43,NA,2013-11-15,99,15,41,43,0.151515151515152,0.414141414141414,0.434343434343434,1
"335",335,"11.15.2013",NA,"TR500_","TR500_","sun",NA,NA,"17.81, 18.12","TR500_11.15.2013_SUN2",NA,0,0,0,8,0,0,0,45,0,0,0,0,9,NA,2013-11-15,62,8,45,9,0.129032258064516,0.725806451612903,0.145161290322581,1
"336",336,"11.15.2013",NA,"TR500_","TR500_","shade",NA,NA,"17.08, 17.63@0.7m","TR500_11.15.2013_SH1",NA,0,0,0,15,1,0,0,39,0,0,0,0,22,NA,2013-11-15,77,15,40,22,0.194805194805195,0.519480519480519,0.285714285714286,1
"337",337,"11.15.2013",NA,"TR500_","TR500_","shade",NA,NA,"13.97, 14.29","TR500_11.15.2013_SH2",NA,0,0,0,4,0,0,0,55,0,0,0,0,2,NA,2013-11-15,61,4,55,2,0.0655737704918033,0.901639344262295,0.0327868852459016,1
"338",338,"11.18.2013",NA,"TR10_","TR10_","lo",NA,NA,"8.41, 8.6","TR10_11.18.2013_LO",NA,0,0,0,0,0,0,0,453,0,0,0,0,95,NA,2013-11-18,548,0,453,95,0,0.826642335766423,0.173357664233577,1
"339",339,"11.18.2013",NA,"TR10_","TR10_","hi",NA,NA,"8.4, 9.33","TR10_11.18.2013_HI",NA,0,0,0,0,0,0,0,628,0,0,0,0,43,NA,2013-11-18,671,0,628,43,0,0.93591654247392,0.0640834575260805,1
"340",340,"11.18.2013",NA,"TR9_","TR9_","sun",NA,NA,"15.16, 16.01 @0.95m","TR9_11.18.2013_SU1_Sub1+2+others",NA,0,0,0,99,3,0,0,186,0,0,0,0,143,NA,2013-11-18,431,99,189,143,0.22969837587007,0.438515081206497,0.331786542923434,1
"341",341,"11.18.2013",NA,"TR9_","TR9_","sun",NA,NA,"13.1, 13.7","TR9_11.18.2013_SU1_Sub5",NA,0,0,0,33,0,0,0,92,0,0,0,0,78,NA,2013-11-18,203,33,92,78,0.16256157635468,0.45320197044335,0.38423645320197,1
"342",342,"11.18.2013",NA,"TR9_","TR9_","shade",NA,NA,"9.14, 9.5","TR9_11.18.2013_SH1",NA,0,0,0,22,0,0,0,49,0,0,0,0,13,NA,2013-11-18,84,22,49,13,0.261904761904762,0.583333333333333,0.154761904761905,1
"343",343,"11.19.2013",NA,"TR9_","TR9_","sun",NA,NA,"17.28, 18","TR9_11.18.2013_SU2",NA,0,0,0,128,0,0,0,441,0,0,0,0,22,NA,2013-11-19,591,128,441,22,0.2165820642978,0.746192893401015,0.0372250423011844,1
"344",344,"11.19.2013",NA,"TR118_","TR118_","sun",NA,NA,"22.47, 23.14","TR118_11.19.2013_SU1",NA,0,0,0,0,0,0,0,508,0,0,0,0,153,NA,2013-11-19,661,0,508,153,0,0.768532526475038,0.231467473524962,1
"345",345,"11.19.2013",NA,"TR118_","TR118_","sun",NA,NA,"22.11, 23.36","TR118_11.19.2013_SU1",NA,0,0,0,0,0,0,0,257,0,0,0,0,241,NA,2013-11-19,498,0,257,241,0,0.516064257028112,0.483935742971888,1
"346",346,"11.19.2013",NA,"TR117_","TR117_","MC",NA,NA,"10.22, 10.71","TR117_11.19.2013_1",NA,0,0,0,3,3,0,0,69,0,0,0,0,40,NA,2013-11-19,115,3,72,40,0.0260869565217391,0.626086956521739,0.347826086956522,1
"347",347,"11.19.2013",NA,"TR117_","TR117_","MC",NA,NA,"8.7, 8.96","TR117_11.19.2013_2",NA,0,0,0,28,7,0,0,64,0,0,0,0,55,NA,2013-11-19,154,28,71,55,0.181818181818182,0.461038961038961,0.357142857142857,1
"348",348,"11.19.2013",NA,"US3_TR118","US3_TR118","US",NA,NA,"5.38, 7.09","US3_TR118_11.19.2013",NA,0,0,0,0,0,0,0,260,0,0,0,0,0,NA,2013-11-19,260,0,260,0,0,1,0,1
"349",349,"11.19.2013",NA,"TR3436_","TR3436_","MC",NA,NA,"9.01, 10.07","TR3436_11.19.2013",NA,0,0,0,0,0,0,0,195,0,0,0,0,0,NA,2013-11-19,195,0,195,0,0,1,0,1
"350",350,"11.19.2013",NA,"US2_TR118","US2_TR118","US",NA,NA,"11.13, 11.78","US2_TR118_11.19.2013",NA,0,0,0,8,0,0,0,66,0,0,0,0,10,NA,2013-11-19,84,8,66,10,0.0952380952380952,0.785714285714286,0.119047619047619,1
"351",351,"11.21.2013",NA,"TRUS1_TR504","TRUS1_TR504","US",NA,NA,"8.78, 9.11","US1_504_11.21.2013",NA,0,0,0,13,0,0,0,51,0,0,31,14,0,NA,2013-11-21,109,13,51,45,0.119266055045872,0.467889908256881,0.412844036697248,1
"352",352,"11.21.2013",NA,"MC_TR504","MC_TR504","MC",NA,NA,"6.49, 6.77 @0.75","MC_TR504_1_11.21.2013",NA,0,0,0,0,1,7,8,0,0,0,0,0,0,NA,2013-11-21,16,0,16,0,0,1,0,1
"353",353,"11.21.2013",NA,"MC_TR504","MC_TR504","MC",NA,NA,"N/A","MC_TR504_2_11.21.2013",NA,0,0,0,8,2,28,21,0,7,0,0,0,4,NA,2013-11-21,70,8,51,11,0.114285714285714,0.728571428571429,0.157142857142857,1
"354",354,"11.21.2013",NA,"MC_TR504","MC_TR504","MC",NA,NA,"8.52, 9.09","MC_TR504_3_11.21.2013",NA,0,0,0,5,0,7,10,0,0,0,0,0,0,NA,2013-11-21,22,5,17,0,0.227272727272727,0.772727272727273,0,1
"355",355,"11.21.2013",NA,"TR504_","TR504_","shade",NA,NA,"6.61, 7.35 @0.7m","TR504_SH_sb1",NA,0,0,0,0,0,0,0,272,0,0,0,0,3,NA,2013-11-21,275,0,272,3,0,0.989090909090909,0.0109090909090909,1
"356",356,"11.21.2013",NA,"TR504_","TR504_","shade",NA,NA,"9.38, 10.13","TR504_SH_sb4",NA,0,0,0,0,0,0,0,100,0,0,0,0,6,NA,2013-11-21,106,0,100,6,0,0.943396226415094,0.0566037735849057,1
"357",357,"11.21.2013",NA,"TR504_","TR504_","sun",NA,NA,"11.54, 11.55","TR504_SU_sb1",NA,0,0,0,0,0,0,0,968,0,0,0,0,0,NA,2013-11-21,968,0,968,0,0,1,0,1
"358",358,"11.21.2013",NA,"TR504_","TR504_","sun",NA,NA,"14.4, 14.9","TR504_SU_sb1+sub2",NA,0,0,0,0,0,0,0,1477,0,0,0,0,0,NA,2013-11-21,1477,0,1477,0,0,1,0,1
"359",359,"3.23.2014",NA,"TR9_","TR9_","sun",NA,NA,"23.5, 25.5","TR9_SU_03232014",NA,0,0,0,0,0,0,0,544,0,0,17,37,0,NA,2014-03-23,598,0,544,54,0,0.909698996655518,0.0903010033444816,1
"360",360,"3.23.2014",NA,"TR9_","TR9_","shade",NA,NA,"10.3","TR9_SH_03232014",NA,0,0,0,0,0,0,0,67,0,0,37,0,0,NA,2014-03-23,104,0,67,37,0,0.644230769230769,0.355769230769231,1
"361",361,"3.24.2014",NA,"MC1_TR502","MC1_TR502","MC",NA,NA,"7.13, 7.23","MC1_TR502_demog",NA,0,0,0,0,0,0,0,0,0,0,0,0,0,NA,2014-03-24,0,0,0,0,NA,NA,NA,NA
"362",362,"3.24.2014",NA,"US1_TR504","US1_TR504","US",NA,NA,"6.8, 7.4","US1_TR504_B2",NA,0,0,0,1,0,0,0,3,0,0,0,0,4,NA,2014-03-24,8,1,3,4,0.125,0.375,0.5,1
"363",363,"3.25.2014",NA,"TR500SH1_","TR500SH1_","shade",NA,NA,"11.3, 11.8","TR500SH1",NA,0,0,0,3,0,0,0,16,0,9,0,0,10,NA,2014-03-25,38,3,16,19,0.0789473684210526,0.421052631578947,0.5,1
"364",364,"3.25.2014",NA,"TR500_","TR500_","sun",NA,NA,"20.4, 20.8","TR500_SU_demog",NA,0,0,0,38,0,0,0,67,0,0,0,0,36,NA,2014-03-25,141,38,67,36,0.269503546099291,0.475177304964539,0.25531914893617,1
"365",365,"3.25.2014",NA,"TR500SH_","TR500SH_","shade",NA,NA,"12.7, 13.1","TR500SH_demog",NA,0,0,0,7,0,0,0,11,0,0,0,0,7,NA,2014-03-25,25,7,11,7,0.28,0.44,0.28,1
"366",366,"3.26.2014",NA,"TR504_","TR504_","shade",NA,NA,"9.5, 9.7","TR504_SH_demog",NA,0,0,0,50,0,0,0,501,0,0,2,38,0,NA,2014-03-26,591,50,501,40,0.0846023688663283,0.847715736040609,0.0676818950930626,1
"367",367,"3.26.2014",NA,"TR504_","TR504_","sun",NA,NA,"14.3, 14.5","TR504_SU_demog",NA,0,0,0,0,0,0,0,659,0,0,0,311,0,NA,2014-03-26,970,0,659,311,0,0.679381443298969,0.320618556701031,1
"368",368,"3.28.2014",NA,"TR502_","TR502_","hi",NA,NA,"19.6, 19.9","TR502_hi_demog",NA,0,0,0,0,0,0,0,144,0,0,0,0,25,NA,2014-03-28,169,0,144,25,0,0.85207100591716,0.14792899408284,1
"369",369,"3.28.2014",NA,"TR502_","TR502_","lo",NA,NA,"12.75, 13.01","TR502_lo_demog",NA,0,0,0,0,0,0,0,45,0,0,0,0,19,NA,2014-03-28,64,0,45,19,0,0.703125,0.296875,1
"370",370,"3.28.2014",NA,"US1_TR500","US1_TR500","US",NA,NA,"11.82, 12.01","US1_TR500_B2_demog",NA,0,0,0,0,0,0,0,133,0,0,0,0,44,NA,2014-03-28,177,0,133,44,0,0.751412429378531,0.248587570621469,1
"371",371,"3.29.2014",NA,"TR117_","TR117_","MC",NA,NA,"10.62, 11.6","TR117_B3_demog",NA,0,0,0,0,0,0,0,56,0,0,0,0,40,NA,2014-03-29,96,0,56,40,0,0.583333333333333,0.416666666666667,1
"372",372,"3.29.2014",NA,"TR118_","TR118_","shade",NA,NA,"15.26, 14.06","TR118_SH_B1",NA,0,0,0,0,0,0,0,109,0,2.5,0,0,39,NA,2014-03-29,150.5,0,109,41.5,0,0.724252491694352,0.275747508305648,1
"373",373,"3.29.2014",NA,"TR118_","TR118_","shade",NA,NA,"17.59, 17.68","TR118_SH_B2",NA,0,0,0,0,0,0,0,189,0,2.5,0,0,66,NA,2014-03-29,257.5,0,189,68.5,0,0.733980582524272,0.266019417475728,1
"374",374,"3.29.2014",NA,"TR3436_","TR3436_","MC",NA,NA,"11.16, 12.31","TR3436_Tag7",NA,0,0,0,0,0,0,0,94,0,0,0,0,6,NA,2014-03-29,100,0,94,6,0,0.94,0.06,1
"375",375,"3.29.2014",NA,"US2_TR118","US2_TR118","US",NA,NA,"10.11, 10.78","US2_TR118_Tag2",NA,0,0,0,23,0,0,0,36,0,0,22,8,1,NA,2014-03-29,90,23,36,31,0.255555555555556,0.4,0.344444444444444,1
"376",376,"3.29.2014",NA,"TR118_","TR118_","sun",NA,NA,"25.55, 25.87","TR118_SU",NA,0,0,0,0,0,0,0,469,0,0,0,0,204,NA,2014-03-29,673,0,469,204,0,0.696879643387816,0.303120356612184,1
"377",377,"3.29.2014",NA,"TR117_","TR117_","MC",NA,NA,"14.16","TR117_Tag34",NA,0,0,0,0,0,0,0,290,0,0,0,0,118,NA,2014-03-29,408,0,290,118,0,0.71078431372549,0.28921568627451,1
"378",378,"3.29.2014",NA,"TR3436_","TR3436_","MC",NA,NA,"13.21, 13.91","TR3436_B3",NA,0,0,0,0,0,0,0,135,0,0,0,0,5,NA,2014-03-29,140,0,135,5,0,0.964285714285714,0.0357142857142857,1
"379",379,"3.30.2014",NA,"US1_TR11","US1_TR11","US",NA,NA,"10.48, 10.67","US1_TR11",NA,0,0,0,0,0,0,0,28,0,0,11,2,2,NA,2014-03-30,43,0,28,15,0,0.651162790697674,0.348837209302326,1
"380",380,"3.30.2014",NA,"TR591_","TR591_","lo",NA,NA,"5.71, 6.61","TR591_lo",NA,0,0,0,0,0,0,0,143,0,0,0,0,38,NA,2014-03-30,181,0,143,38,0,0.790055248618785,0.209944751381215,1
"381",381,"3.30.2014",NA,"TR591_","TR591_","hi",NA,NA,"10.59, 11.12","TR591_hi",NA,0,0,0,0,0,0,0,514,0,0,0,13,125,NA,2014-03-30,652,0,514,138,0,0.788343558282209,0.211656441717791,1
"382",382,"3.30.2014",NA,"TR11_","TR11_","shade",NA,NA,"13.81, 14.3","TR11_SH",NA,0,0,0,329,0,0,0,80,0,0,0,3,267,NA,2014-03-30,679,329,80,270,0.484536082474227,0.117820324005891,0.397643593519882,1
"383",383,"3.30.2014",NA,"TR11_","TR11_","sun",NA,NA,"20.92, 21.24","TR11_SU",NA,0,0,0,59,0,0,0,1549,0,0,0,44,268,NA,2014-03-30,1920,59,1549,312,0.0307291666666667,0.806770833333333,0.1625,1
"384",384,"3.30.2014",NA,"TR590_","TR590_","lo",NA,NA,"10.4, 10.9 @ 0.8m","TR590_lo",NA,0,0,0,0,0,0,0,305,0,0,0,90,5,NA,2014-03-30,400,0,305,95,0,0.7625,0.2375,1
"385",385,"3.30.2014",NA,"TR590_","TR590_","hi",NA,NA,"17.79, 18.71","TR590_hi",NA,0,0,0,0,0,0,0,507,0,0,0,43,116,NA,2014-03-30,666,0,507,159,0,0.761261261261261,0.238738738738739,1
"386",386,"3.30.2014",NA,"TR232_","TR232_","MC",NA,NA,"10.1, 10.8","TR232_B2",NA,0,0,0,0,0,0,0,138,0,0,0,1,1,NA,2014-03-30,140,0,138,2,0,0.985714285714286,0.0142857142857143,1
"387",387,"4.01.2014",NA,"TR10_","TR10_","hi",NA,NA,"10.3, 10.33","TR10_hi",NA,0,0,0,0,0,0,0,526,0,0,0,0,63,NA,2014-04-01,589,0,526,63,0,0.893039049235993,0.106960950764007,1
"388",388,"4.01.2014",NA,"TR10_","TR10_","lo",NA,NA,"8.81, 9.13","TR10_lo",NA,0,0,0,0,0,0,0,271,0,0,0,0,96,NA,2014-04-01,367,0,271,96,0,0.73841961852861,0.26158038147139,1
